node,tag,pitag,label,unit,lo,hi,warn,v0,v1,v2,v3,v4,v5,v6,v7,v8,v9,v10,v11,v12,v13,v14,v15,v16,v17,v18,v19,v20,v21,v22,v23,v24,v25,v26,v27,v28,v29,v30,v31,v32,v33,v34,v35,v36,v37,v38,v39,v40,v41,v42,v43,v44,v45,v46,v47,v48,v49,v50,v51,v52,v53,v54,v55,v56,v57,v58,v59
CR.tanks,level,REFINERY.CR-TANKS.LEVEL.PV,Level,%,0,100,90,61.43,61.48,61.43,61.42,61.34,61.38,61.56,61.5,61.23,61.27,61.43,61.45,61.35,61.41,61.94,61.81,61.47,61.38,61.33,61.56,61.46,61.29,61.33,61.05,61.26,61.13,61.36,61.69,61.55,61.78,61.7,61.71,61.95,62.67,62.58,62.73,62.7,63.09,63.03,63.24,63.32,63.07,63.56,63.42,62.9,63.13,63.44,63.68,63.76,63.9,64.14,64.3,64.24,63.66,63.59,63.59,63.85,63.75,63.99,64.18
CR.tanks,temp,REFINERY.CR-TANKS.TEMP.PV,Temperature,C,-170,80,,23.5,23.48,23.59,23.68,23.62,23.6,23.59,23.68,23.58,23.56,23.48,23.47,23.45,23.46,23.63,23.77,23.86,23.94,23.9,23.94,24.33,24.25,24.19,24.1,24.08,24.16,24.02,24.23,24.22,23.99,23.98,23.9,23.84,24.01,24.02,23.95,24.03,24.13,24.2,24.06,24.07,23.99,24.07,24.03,24.13,24.4,24.14,24.11,24.1,24.08,24.15,24.18,24.22,24.2,24.34,24.2,24.05,23.98,23.92,24.04
CR.tanks,press,REFINERY.CR-TANKS.PRESS.PV,Pressure,kPa,-2,30,25,8.85,8.545,8.458,8.474,8.404,8.395,8.598,8.764,8.836,8.821,9.241,9.33,9.484,9.489,9.436,9.467,9.482,9.314,9.082,9.179,9.168,9.056,9.279,9.3,9.515,9.545,9.57,9.535,9.569,9.508,9.409,9.444,9.507,9.719,9.768,9.749,9.89,9.62,9.669,9.633,9.652,9.613,9.601,9.286,9.45,9.394,9.582,9.524,9.579,9.643,9.744,9.843,9.791,9.658,9.738,9.366,9.461,9.248,8.982,8.863
CR.tanks.t1,level,REFINERY.CR-TANKS-T1.LEVEL.PV,Level,%,0,100,90,62.09,62.11,61.9,61.91,62.22,62.04,61.72,62.06,61.86,61.95,61.74,61.49,61.46,61.24,61.48,61.58,61.9,62.09,62.21,62.21,62.05,61.76,61.56,61.64,61.52,61.48,61.48,61.47,61.59,61.4,61.31,61.48,62.05,62.24,62.33,62.81,62.82,63.28,62.99,62.97,62.98,63.01,63.04,63.34,63.6,63.66,63.78,63.9,63.94,63.51,63.28,63.46,63.57,63.71,63.43,63.29,63.57,63.47,63.24,63.41
CR.tanks.t1,temp,REFINERY.CR-TANKS-T1.TEMP.PV,Temperature,C,-170,80,,24.05,24,23.98,23.98,23.8,23.74,23.76,23.68,23.63,23.69,23.79,23.9,23.86,23.84,24.06,24.2,24.12,24.09,24.03,24.12,23.93,23.82,23.98,23.93,23.84,23.74,23.98,24.07,24.29,24.36,24.38,24.34,24.57,24.46,24.5,24.4,24.35,24.4,24.47,24.56,24.46,24.38,24.41,24.38,24.39,24.46,24.55,24.53,24.56,24.61,24.6,24.79,25,24.93,24.97,24.82,24.64,24.67,24.71,24.71
CR.tanks.t1,press,REFINERY.CR-TANKS-T1.PRESS.PV,Pressure,kPa,-2,30,25,8.42,8.268,8.334,8.278,8.346,8.105,8.105,7.948,8.068,7.912,7.785,7.729,7.766,7.881,7.827,7.834,7.682,7.819,7.864,8.078,8.219,8.364,8.237,8.085,7.851,7.85,7.572,7.562,7.528,7.179,7.168,6.948,6.83,6.643,6.504,6.375,6.299,6.303,6.234,6.228,6.202,6.271,6.136,6.028,6.309,6.035,6.133,6.234,6.408,6.338,6.284,6.439,6.54,6.558,6.636,6.771,6.574,6.494,6.473,6.45
CR.tanks.t2,level,REFINERY.CR-TANKS-T2.LEVEL.PV,Level,%,0,100,90,61.19,61.41,61.62,61.93,61.83,61.78,61.95,62.18,61.88,61.7,61.76,61.3,61.27,61.6,61.78,61.55,61.63,61.62,61.36,61.68,61.61,61.54,61.62,61.78,61.72,61.42,61.49,61.44,61.12,60.53,60.46,60.55,60.47,60.64,61.27,61.13,61.19,61.37,61.94,61.8,62.37,62.84,62.7,62.61,62.69,62.56,62.57,62.46,62.51,62.59,62.57,62.6,62.67,62.09,62.05,62.23,62.22,62.11,62.31,62.37
CR.tanks.t2,temp,REFINERY.CR-TANKS-T2.TEMP.PV,Temperature,C,-170,80,,24.45,24.44,24.42,24.45,24.32,24.39,24.36,24.44,24.34,24.08,23.96,23.93,23.8,23.86,23.85,23.81,23.66,23.66,23.67,23.63,23.68,23.77,23.65,23.7,23.7,23.81,23.66,23.58,23.68,23.64,23.51,23.5,23.59,23.62,23.49,23.52,23.47,23.31,23.35,23.31,23.32,23.18,23.37,23.3,23.48,23.6,23.59,23.66,23.82,23.66,23.8,23.74,23.78,23.76,23.78,23.73,23.41,23.28,23.28,23.15
CR.tanks.t2,press,REFINERY.CR-TANKS-T2.PRESS.PV,Pressure,kPa,-2,30,25,7.468,7.621,7.725,7.708,7.719,7.621,7.71,7.853,7.753,7.808,7.909,7.893,8.104,8.151,8.133,8.097,8.067,7.907,7.955,7.968,7.924,8.028,7.943,7.827,7.786,7.84,7.935,7.887,7.931,7.959,8.008,8.02,8.087,8.106,8.221,8.067,8.115,8.128,8.11,8.353,8.573,8.514,8.63,8.581,8.443,8.471,8.533,8.606,8.382,8.222,8.312,8.197,8.327,8.318,8.388,8.52,8.644,8.687,8.851,8.979
CR.tanks.t3,level,REFINERY.CR-TANKS-T3.LEVEL.PV,Level,%,0,100,90,62.22,62.1,61.89,62.07,62.04,62.1,61.98,61.9,62,61.77,62.04,62.02,62.33,61.91,61.75,61.94,62.12,61.73,61.63,61.59,61.48,61.33,61.62,61.5,61.67,61.87,61.9,61.73,62.29,62.44,62.62,62.55,62.4,62.61,63.07,62.84,62.66,62.86,62.87,62.88,62.55,62.76,62.99,62.97,63.15,62.99,63.04,63.06,63.26,63.24,63.36,63.2,63.2,63.2,63.13,62.93,62.77,62.77,62.86,62.86
CR.tanks.t3,temp,REFINERY.CR-TANKS-T3.TEMP.PV,Temperature,C,-170,80,,23.8,23.75,23.72,23.64,23.66,23.61,23.6,23.54,23.34,23.36,23.32,23.27,23.11,23.1,23.09,22.97,22.88,23.01,22.72,22.72,22.66,22.48,22.41,22.37,22.34,22.38,22.5,22.59,22.49,22.57,22.54,22.43,22.46,22.43,22.46,22.41,22.33,22.39,22.26,22.23,22.1,21.87,21.72,21.68,21.82,21.77,21.65,21.68,21.77,21.68,21.67,21.64,21.77,21.76,21.8,21.7,21.65,21.77,21.68,21.6
CR.tanks.t3,press,REFINERY.CR-TANKS-T3.PRESS.PV,Pressure,kPa,-2,30,25,7.457,7.336,7.653,7.718,7.54,7.295,7.432,7.405,7.475,7.564,7.566,7.667,7.415,7.477,7.141,7.039,7.082,7.306,7.03,6.997,6.963,7.063,7.121,7,7.195,7.205,7.315,7.426,7.586,7.52,7.335,7.302,7.444,7.433,7.685,7.495,7.307,7.308,7.281,7.396,7.467,7.348,7.234,7.28,7.392,7.583,7.799,7.461,7.557,7.396,7.417,7.397,7.263,7.422,7.455,7.52,7.635,7.613,7.605,7.417
CR.pumps,flow,REFINERY.CR-PUMPS.FLOW.PV,Flow,m3/h,0,400,360,232.9,233.6,235.7,236.8,235.4,234.8,233.9,234.2,235,234.2,238,238.5,240.6,243.2,244.5,241.4,240.1,237.7,236.3,239,240.7,238,240.1,240.6,242.6,238.5,236,237.9,236.8,235.2,238,237,240.3,240.6,241.8,240.2,239.6,237.7,238.3,234.1,239.2,239,235.9,235.8,237.9,238.5,240.4,243.4,239.5,237.4,235.4,236.9,236.6,238,241.6,241.5,238.3,238.2,237.7,235.2
CR.pumps,disch_p,REFINERY.CR-PUMPS.DISCH_P.PV,Discharge pressure,bar,0,60,52,40.57,41.04,40.81,40.79,40.87,40.89,41.26,40.82,40.4,40.76,40.63,39.81,40.02,40.29,39.33,38.85,38.73,38.73,38.87,38.62,38.36,38.14,37.72,37.61,38.47,38.43,38.03,37.36,38.04,37.62,37.79,37.99,37.58,37.92,37.73,37.4,37.65,37.18,36.81,36.6,36.47,36.65,36.43,36.19,36.61,36.75,36.89,36.93,37.17,37.46,36.84,37.03,37.04,37.47,38.14,38.27,38.11,37.9,38.08,37.39
CR.pumps,vib,REFINERY.CR-PUMPS.VIB.PV,Vibration,mm/s,0,12,7.1,2.898,2.966,3.139,2.985,2.967,3.317,3.386,3.438,3.236,3.053,2.927,3.084,3.006,3.114,3.407,3.247,3.259,3.368,3.481,3.37,3.383,3.295,3.194,2.987,2.884,3.057,2.978,3.007,2.75,2.512,2.503,2.314,2.374,2.221,2.264,1.982,2.204,2.088,2.02,2.033,2.332,2.333,2.411,2.541,2.552,2.407,2.511,2.779,2.659,2.731,3.272,3.645,3.465,3.659,3.73,3.857,3.895,4.192,4.352,4.804
CR.pumps,brg_t,REFINERY.CR-PUMPS.BRG_T.PV,Bearing temp,C,20,110,85,56.75,56.63,57.36,57.68,57.8,58.32,58.19,58.03,57.91,58.54,57.63,57.06,56.69,57.58,57.51,58.45,58.02,57.86,56.74,57.03,56.67,56.94,57.55,57.66,58.46,58.98,59.14,59.3,59.42,58.84,58.04,58.67,58.42,58.83,58.85,58.94,58.81,58.73,58.94,59.51,59.14,59.9,60.25,60.62,61.05,60.61,60.02,60.11,60.64,60.35,60.39,60.15,60.64,60.72,60.38,60.87,61.31,61.11,61.47,61.56
CR.preheat,in_t,REFINERY.CR-PREHEAT.IN_T.PV,Inlet temp,C,-170,300,,88.91,88.66,88.86,89.36,89.8,89.67,90.31,90.68,90.82,91.52,91.09,91.31,90.91,91.01,90.6,91.69,91.9,91.69,91.78,91.85,91.91,92.39,92.34,91.87,91.15,91.82,91.95,92.91,93.08,93.01,91.96,91.83,90.42,90.58,90.96,90.73,91.53,91.3,91.49,92.49,92.67,93.01,93.72,94.02,94.66,95.2,94.88,95.31,94.94,95.17,96.67,96.97,96.69,96.67,96.72,96.77,96.24,96.23,97.1,97.51
CR.preheat,out_t,REFINERY.CR-PREHEAT.OUT_T.PV,Outlet temp,C,-170,300,,43.03,43.29,43.72,44.13,43.75,43.38,43.95,43.87,44.45,44.94,44.62,44.52,44.66,44.77,44.64,44.12,44.71,44.17,44.23,44.15,44.4,44.86,44.61,44.93,45.51,45.54,45.42,45.16,45.12,45.03,45.18,44.96,44.75,43.99,43.44,43.42,42.98,42.69,42,43.1,43.56,44,44.47,44.95,44.94,45.04,45.64,45.92,45.92,46.27,46.58,46.73,46.39,46.17,46.8,46.8,46.6,46.4,46.03,45.9
CR.preheat,dp,REFINERY.CR-PREHEAT.DP.PV,Pressure drop,kPa,0,150,120,45.17,44.57,45.17,45.83,46.61,46.6,46.35,46.3,46.36,45.93,45.41,45.33,45.67,44.65,44.93,44.77,44.86,43.79,43.15,42.64,43.66,43.55,43.1,43.01,43.67,43.69,43.41,42.98,42.7,42.91,43.34,42.4,43.46,43.51,44.39,44.43,43.96,43.22,43.33,42.91,43.42,43.44,43.53,43.38,43.15,42.74,42.78,42.84,43.04,43.48,44.17,45.08,44.58,44.54,45.27,45.8,44.62,44.66,44.46,44.55
CR.preheat,fan,REFINERY.CR-PREHEAT.FAN.PV,Fan load,%,0,100,95,69.75,69.66,68.91,68.39,67.76,66.88,66.25,66.43,68.24,68.81,69.16,69.61,69.7,69.27,69.54,69.2,69.41,67.11,67.09,67.52,67.77,68.23,68.63,68.89,69.59,68.66,68.81,69.03,68.88,68.09,67.11,67.11,67.28,66.28,66.2,66.09,66.04,66.35,67.58,67.53,67.86,68.26,69.63,69.07,67.32,68.19,68.24,69.01,68.87,67.98,68.63,68.83,69.06,69.07,67.96,67.92,67.65,67.78,67.75,68.91
CR.desalter,level,REFINERY.CR-DESALTER.LEVEL.PV,Interface level,%,0,100,85,46.3,46.21,46.07,45.9,46.37,46.41,46.04,46.01,45.83,46.15,46.54,46.59,46.4,46.86,46.75,46.43,46.8,46.82,46.47,45.8,46.38,45.99,46.03,45.94,45.35,45.12,44.87,45.01,44.97,45.21,45.11,45.02,45.31,45.57,45.9,45.82,45.86,45.62,45.24,45.16,45.34,45.66,45.73,45.79,45.58,45.22,45.22,45.49,45.36,45.11,44.68,44.85,45.42,45.22,44.39,44.09,44.67,44.45,44.66,44.46
CR.desalter,press,REFINERY.CR-DESALTER.PRESS.PV,Pressure,bar,0,30,25,8.166,8.169,8.009,8.084,8.036,7.997,7.97,8.003,8.001,7.974,8.188,8.247,8.096,7.958,7.948,7.936,8.103,8.203,8.187,8.214,8.383,8.473,8.571,8.659,8.526,8.62,8.822,9.09,9.148,9.141,9.058,9.016,9.089,9.098,9.241,9.326,9.298,9.144,9.214,9.213,9.147,9.162,9.196,9.139,9.358,9.458,9.556,9.462,9.545,9.707,9.8,9.9,9.85,9.879,9.759,9.778,9.812,9.521,9.346,9.331
CR.desalter,temp,REFINERY.CR-DESALTER.TEMP.PV,Temperature,C,0,120,100,54.97,55.29,55.47,55.74,55.98,56.12,55.78,55.76,55.85,56.06,55.7,55.18,55.26,54.87,55.09,55.46,55.92,55.92,56.03,55.72,55.69,55.91,55.78,55.69,56.25,56.09,55.96,56.45,56.68,56.44,56.73,56.68,57,56.59,56.85,56.68,56.14,56.04,56.02,56.24,56.89,57.01,57.03,57.02,57.65,57.29,57.21,57.21,57.74,57.77,58.14,57.38,57.08,56.95,57.21,57.58,57.39,56.94,57.11,57.26
CR.desalter,gas_out,REFINERY.CR-DESALTER.GAS_OUT.PV,Gas outlet,MMscfd,0,60,,23.49,23.43,23.5,23.4,23.28,23.2,23.05,22.76,22.54,22.58,22.07,21.85,22.09,22.11,21.91,22.06,21.81,22.35,22.27,22.4,22.5,22.62,22.69,22.65,22.13,22.06,22.42,22.28,21.94,22.2,22.2,21.91,21.77,21.88,21.98,21.38,21.61,21.64,21.83,21.92,22.4,22.64,22.6,22.55,22.31,22.29,22.44,21.92,22.17,22.19,22.07,22.23,22.27,22.11,22.37,22.26,21.81,21.27,21.34,21.11
CR.meter,flow,REFINERY.CR-METER.FLOW.PV,Flow,m3/h,0,800,720,314.2,317,313.1,316.1,317.6,317.7,316.4,314.6,311.6,313.8,315.7,313,318,320.6,319.2,320.4,322.1,320.3,315,317,320.6,317.9,312.2,310.4,310.6,308.1,310.4,313.3,316.3,313.9,314.3,317.7,314.2,313.5,312,310.7,309.2,306.1,309.7,312.2,314.5,316,317.8,320.2,329.1,332.9,335.1,342.4,343.7,347.6,352.4,355.3,360.6,360.3,366.8,367.7,371.1,376.5,380.9,383.1
CR.meter,press,REFINERY.CR-METER.PRESS.PV,Pressure,bar,0,120,100,64.71,64.84,64.73,64.59,64.54,63.85,64.18,63.76,63.74,64.31,64.63,64.8,65.66,65.64,66.16,66.28,65.32,65.38,65.3,65.54,65.38,65.59,65.71,65.52,65.8,65.7,65.55,65.11,64.7,64.65,65.09,65.18,65.52,66.17,66.07,66.18,65.94,66.71,66.68,66.33,66.94,67.09,66.88,66.53,66.67,67.37,67.15,67.97,68.04,68.36,67.82,67.42,67.7,67.51,67.62,67.65,67.5,67.22,67.52,68.03
CR.meter,temp,REFINERY.CR-METER.TEMP.PV,Temperature,C,-170,150,,38.76,38.85,39.15,39.26,39.22,38.93,38.96,39.2,39.54,39.86,39.89,39.55,39.77,39.66,39.67,39.35,39.23,39.53,38.94,39.08,39,38.62,38.69,38.91,38.63,38.69,38.54,38.49,38.63,38.56,38.56,38.59,38.42,38.47,38.94,39.09,39.44,39.52,39.57,39.21,39.01,38.53,37.94,38.03,38.18,38.07,38.51,38.33,38.54,38.41,38.28,38.32,38.41,38.2,38.11,37.92,38.26,37.88,38.2,37.79
CR.meter,wall,REFINERY.CR-METER.WALL.PV,Wall loss,%,0,30,20,6.369,6.365,6.36,6.353,6.353,6.361,6.352,6.35,6.361,6.35,6.347,6.343,6.34,6.351,6.362,6.36,6.354,6.343,6.364,6.357,6.349,6.35,6.358,6.345,6.345,6.36,6.346,6.355,6.359,6.357,6.364,6.366,6.368,6.363,6.37,6.379,6.359,6.352,6.346,6.339,6.336,6.325,6.323,6.322,6.312,6.318,6.32,6.33,6.329,6.331,6.33,6.329,6.337,6.343,6.339,6.348,6.335,6.337,6.334,6.337
CD.furnace,out_t,REFINERY.CD-FURNACE.OUT_T.PV,Outlet temp,C,100,480,450,373.7,375.1,374.4,375.2,377.4,376.5,377.2,378.1,377.9,379.1,379.4,380.6,380.6,380.2,381.7,382,383.8,385.2,383.2,383.2,381.8,382.7,382.7,384.5,385.4,385.2,384.3,383.4,384,383.6,385.7,385.7,386.2,387,387.6,386.9,386.1,383.3,382.4,383.1,384.1,385.4,386.4,386.1,387.3,387.9,388.5,388.7,387.2,388.1,388.6,387.9,389,387.4,386.9,386.4,386.4,386,385.1,384.4
CD.furnace,fuel,REFINERY.CD-FURNACE.FUEL.PV,Fuel gas,MMBtu/h,0,200,,122.7,123.9,123.5,124.1,124.1,124.4,124.7,124.7,125.2,123.7,123.6,123.9,124.3,123.9,124.8,125.5,124,123.1,122.9,122.1,122,121.8,122,121.4,121.7,123.8,122.8,124.2,124.1,123.6,124.9,125,125.4,124.7,125.3,124.3,123.8,124.6,124,123.4,121.8,122.7,123.1,123.4,122.5,122,120.9,120.7,119.6,119.9,119.9,119.2,118.7,118,117.4,117.3,117.3,117.8,117.9,116.4
CD.furnace,stack_t,REFINERY.CD-FURNACE.STACK_T.PV,Stack temp,C,100,500,420,295.7,293.6,293.1,294.4,293.8,293.9,292.7,292.4,291.9,290.6,291,290.8,290.6,290.5,290.1,291.1,290.6,291.7,291,291,290.4,291.7,292.8,292,291.7,291.5,291.6,292.9,293.6,292.5,292.5,292.6,294.7,294.2,294.1,293.7,293,292.3,291.9,291.5,291,292.7,292.7,292.5,290.6,292.1,292.4,292.4,294.3,294.1,294.3,294.3,294.4,293.4,292.3,292.9,292.8,293.4,292.9,293.6
CD.furnace,o2,REFINERY.CD-FURNACE.O2.PV,Excess O2,%,0,8,6,2.37,2.317,2.223,2.209,2.192,2.146,2.171,2.163,2.182,2.144,2.056,2.026,1.988,2.045,2.066,1.996,2.018,1.997,1.985,2.038,2.099,2.099,1.999,1.883,1.88,1.96,1.967,1.948,1.933,1.9,1.959,2.002,1.931,1.983,1.914,1.902,1.925,1.939,1.967,1.878,1.888,1.886,1.881,1.818,1.715,1.685,1.633,1.712,1.648,1.591,1.51,1.497,1.522,1.598,1.559,1.58,1.501,1.572,1.563,1.553
CD.cdu,top_p,REFINERY.CD-CDU.TOP_P.PV,Top pressure,bar,0,50,45,26.28,26.54,27.03,26.84,26.93,26.89,26.67,26.99,26.88,26.88,27.17,27.17,27.01,27.23,27.36,27.52,27.86,27.93,27.71,27.77,27.86,27.75,27.72,27.68,27.39,27.26,26.92,27.09,27.03,26.85,26.54,26.78,26.52,26.84,26.75,27.11,27.09,26.92,27.01,26.86,26.73,26.73,26.93,26.65,26.05,25.86,25.5,25.27,25.2,25.28,25.45,25.57,25.83,25.89,25.96,25.84,25.85,25.94,25.85,25.86
CD.cdu,btm_t,REFINERY.CD-CDU.BTM_T.PV,Bottom temp,C,0,420,400,321.1,321.2,321.6,322.5,322.7,324.1,323.9,323.8,324.1,325.3,325.7,327.1,327.9,327.2,327.9,326.8,328.6,329,329,329.3,329.3,329.9,329.9,329.5,329.9,329.7,330.1,329.8,328.4,328.8,328.8,328.5,329.7,329.6,328.1,328.3,329.1,328.7,328.2,329.3,329,329.1,330.5,329.3,328.8,329.6,330,329.9,329.7,331.6,331.8,331.8,332.4,332.2,331,329.9,329.9,327.8,329.1,329.1
CD.cdu,dp,REFINERY.CD-CDU.DP.PV,Differential pressure,kPa,0,80,60,33.71,33.93,34.33,33.77,34.01,33.94,34.06,33.95,34.32,34.62,34.24,34.24,33.89,33.93,33.51,33.5,33.67,34,34.06,33.71,34.15,33.61,33.16,32.85,32.37,32.88,33.43,32.75,31.75,31.17,31.02,30.98,30.85,31.41,31.33,31.59,31.36,32.35,32.06,31.32,31.75,31.66,31.31,31.66,31.1,30.82,30.7,31.16,31.18,31.27,30.81,30.77,30.56,30.52,30.02,29.58,30.12,31.44,31.84,31.8
CD.cdu,reflux,REFINERY.CD-CDU.REFLUX.PV,Reflux flow,m3/h,0,300,,136.4,138.7,136.4,134.9,132.8,131.9,133.1,133.4,133.9,135,134.2,136.5,136,138,137.1,137.1,137.9,136.3,138.6,137,135.1,134.9,135.1,136.3,134.4,135,134.6,134.1,132.9,132,133.4,133.3,129.2,127.7,127.7,126.3,122.6,124.4,122.6,120.6,117.6,117.1,116.5,116.8,116.8,114.2,114.1,114.8,115.2,114.8,112.4,112.8,113.8,112,112.2,112,111.4,113.9,114.9,114.9
CD.strippers,top_p,REFINERY.CD-STRIPPERS.TOP_P.PV,Top pressure,bar,0,50,45,26.8,26.88,26.9,26.94,27.18,27.58,27.54,27.5,27.45,27.82,27.94,28.11,28.32,28.34,28.37,28.17,28.19,28.24,28.13,28.46,28.15,27.81,27.81,27.89,27.75,27.78,27.71,27.58,27.6,28.03,27.8,27.83,27.93,28,27.92,27.83,27.82,27.66,27.85,28.31,28.53,28.97,29.43,29.89,30.19,30.52,30.79,31.2,31.56,31.64,31.81,31.82,32.11,32.31,32.81,33.05,33.48,33.82,34.16,34.51
CD.strippers,btm_t,REFINERY.CD-STRIPPERS.BTM_T.PV,Bottom temp,C,0,420,400,318.1,318.1,318.5,317.1,315.6,316.4,317.4,317.3,316.3,317,315.8,316.4,315.8,314.1,312.7,313,312,312,310.6,310.4,310.5,310.5,311,309.7,311.1,310.3,310.5,310.5,310.6,311.5,309.9,310,311.2,311.4,310.9,311,310.8,311.2,312.2,313.7,314,314.8,314.4,316.3,316.1,316.8,317.2,318.3,318.2,318.5,318.7,319.8,319.7,319.9,319.2,318.3,319.6,319.5,319.4,318.5
CD.strippers,dp,REFINERY.CD-STRIPPERS.DP.PV,Differential pressure,kPa,0,80,60,35.75,35.85,35.76,36.09,36.29,36.5,37.07,36.56,36.87,37.29,37.6,37.77,37.62,37.2,37.18,37.45,37.65,37.88,38.14,37.4,37.33,37.62,38.31,38.87,38.93,39.82,39.98,39.7,39.3,39.51,39.41,39.54,39.75,40.22,40.42,39.94,40.54,40.82,40.86,41.12,40.65,40.64,41.07,41.8,41.78,41.37,40.62,40.47,40.34,40.06,40.19,39.65,39.74,39.23,38.86,39.05,40.44,40.16,39.5,40.23
CD.strippers,reflux,REFINERY.CD-STRIPPERS.REFLUX.PV,Reflux flow,m3/h,0,300,,137.4,137.6,138.1,138.8,139,138.9,137.9,139.2,138.5,137.4,137.5,137.4,137.7,139,137,137.9,138,137.4,137.4,140,139.5,141.7,142.7,140.6,141,139.2,140.8,139,137.7,138.2,136.9,137,137.2,135.7,135.3,136.4,135,136.4,136.6,134.9,135.4,135.5,134.9,137.7,138.1,138.2,136,137.2,137.2,138.5,138.6,138.7,137.8,136.7,137.4,135.2,133.4,133.6,132.5,130.4
CD.overhead,pos,REFINERY.CD-OVERHEAD.POS.PV,Valve position,%,0,100,,71.76,71.82,71.84,71.89,71.79,71.79,71.67,71.79,71.77,71.71,71.57,71.45,71.22,71.32,71.24,71.33,71.3,71.32,71.32,71.12,71.17,71.16,71.18,71.35,71.25,71.28,71.41,71.58,71.33,71.33,71.44,71.41,71.59,71.54,71.69,71.73,71.78,71.82,71.76,71.77,71.61,71.52,71.62,71.61,71.66,71.7,71.75,71.8,71.83,71.8,71.68,71.77,71.75,71.63,71.64,71.79,71.53,71.38,71.47,71.64
CD.overhead,up_p,REFINERY.CD-OVERHEAD.UP_P.PV,Upstream pressure,bar,0,350,320,187.2,187.7,187.2,186.2,185.6,184.1,183,182.1,181.1,181.7,180.7,183.3,182.3,181.9,181.3,181.7,181.6,181.6,180.6,181,179,177.3,176.4,176.7,177.3,176,174.7,175.3,176,175.7,174.1,173.5,174,174.8,174.1,172.5,171.4,170.8,171.6,171.8,170.7,171.2,170.1,170.8,170.1,170.3,170.4,169.4,170.3,168.3,167.7,167.4,168.4,167.9,167,166.8,166.6,165.9,165.6,165.9
CD.overhead,dn_p,REFINERY.CD-OVERHEAD.DN_P.PV,Downstream pressure,bar,0,350,,96.75,97.11,96.49,97.22,98.77,98.37,98.87,99.14,98.94,98.27,98.36,98.44,98.57,98.57,99.74,100.6,100.4,100.3,100.8,101.6,102,102.4,102.9,102.4,101.8,102.2,102.3,102.3,102.3,102.4,103.6,103.2,103,102.9,102.7,102.4,102.1,102.5,102.4,102.2,102.6,103,103.4,102.8,103.2,102.6,102.7,103.6,103.3,103.1,103.7,103.3,103.4,104.4,105.4,105.8,105.6,105.6,105.7,106.1
CD.overhead,temp,REFINERY.CD-OVERHEAD.TEMP.PV,Body temp,C,0,120,100,41.33,41.43,41.69,42.12,42.06,42.03,41.87,41.93,41.79,42,42.03,42.1,42.02,42.15,42.28,42.18,42.03,42.13,42.09,42.3,42.04,41.71,41.77,41.92,42.12,42,41.63,41.83,41.74,42.1,41.96,42.39,42.73,42.71,43.11,43.37,43.36,43.19,43.25,43.57,43.64,43.99,43.51,43.42,43.29,43.44,43.32,43.32,43.24,43.47,43.25,43.28,43.32,43.56,43.43,43.28,43.38,43.34,43.42,43.37
CD.vfurnace,top_p,REFINERY.CD-VFURNACE.TOP_P.PV,Top pressure,bar,0,50,45,25.64,25.55,25.51,25.63,25.7,25.67,25.47,25.74,26.15,26.44,26.66,26.78,26.51,26.32,26.44,26.36,26.43,26.17,25.89,25.75,25.68,25.67,25.69,25.43,25.27,25.24,25.3,25.58,25.44,25.25,25.3,25.19,25.39,25.15,25.28,25.83,25.89,26,26,26.1,26.16,26.06,26.28,26.48,26.49,26.47,26.58,26.72,27.28,27.21,27.39,27.26,27.28,27.35,27.37,27.45,27.46,27.16,26.99,26.72
CD.vfurnace,btm_t,REFINERY.CD-VFURNACE.BTM_T.PV,Bottom temp,C,0,420,400,312.3,312.9,313.4,312.6,311.9,312.1,311,311.2,311.9,311.9,312.4,312,313.1,314,314.7,313.2,312.1,312.2,311.9,311.7,312.9,312.5,311.3,311.3,312.5,311.6,313.1,312.8,312.2,313.3,314.5,315.1,314.2,313.9,314.5,314,314,313.8,314.2,314.3,313.1,314.6,314.7,314.9,314.5,314.3,314.1,314.5,315,314.6,313.5,313.6,313.1,312.7,313.3,313.6,315.7,315.5,315.9,315.8
CD.vfurnace,dp,REFINERY.CD-VFURNACE.DP.PV,Differential pressure,kPa,0,80,60,31.85,31.67,31.3,31.55,31.5,32.34,32.18,32.45,32.74,32.93,32.68,32.31,32.35,32.74,33.47,33.98,34.48,34.64,33.77,33.79,33.36,32.89,32.6,32.07,31.68,31.69,31.84,31.97,31.09,30.83,30.96,31.33,31.7,32.04,32.3,32.55,32.23,32.55,33.07,33.3,33.09,33.19,33.25,33.51,33.66,33.88,33.46,34.33,34.47,34.58,34.3,34.08,33.78,33.59,33.26,33.03,33.54,33.58,33.55,33.69
CD.vfurnace,reflux,REFINERY.CD-VFURNACE.REFLUX.PV,Reflux flow,m3/h,0,300,,138.2,136.4,136.8,134.2,133.2,132.6,133.1,131.7,131.8,133.3,133.8,133.6,132.4,131.3,129.9,130.2,127,128.4,129.9,128.9,127.8,127.8,127.8,126.3,126.5,125.8,126.4,124.9,124.7,125.4,124.7,124.7,125.2,124.6,124.2,126.4,126.8,126.2,128.1,126.2,128.1,127.8,126.3,126.3,122.9,121,121.9,121.3,120.3,120,120.8,122.9,125.1,124.7,124.2,123.3,124.8,125.9,127.5,127.1
CD.vdu,top_p,REFINERY.CD-VDU.TOP_P.PV,Top pressure,bar,0,50,45,25.06,24.98,24.91,25.24,25.16,25.02,25.27,24.94,25.01,25.11,24.84,24.69,24.65,24.49,24.89,24.91,25.04,24.8,25,25,24.94,24.9,24.88,25.02,25.23,25.07,24.93,25.15,25.33,25.17,25.42,25.48,25.51,25.57,25.42,25.08,25.42,25.28,25.17,25.07,25.23,25.08,25.16,25.13,25.3,25.14,25.2,25.07,25.28,25.27,25.03,25.15,25.3,25.23,25.5,25.25,25.43,25.49,25.36,25.63
CD.vdu,btm_t,REFINERY.CD-VDU.BTM_T.PV,Bottom temp,C,0,420,400,320.5,320.2,319.8,322.3,324.1,325,325.1,325.1,324.3,322.1,323.3,322.4,322.8,321.9,321.6,321.2,320.6,322.3,321.8,322.3,323,323.1,323.3,323.3,323.3,322.8,323.6,323.3,322.5,322.3,322.6,322.6,323.1,322.7,321.9,322,323.1,323.3,323.3,324.5,324.5,325.3,324.1,322.4,322.9,323.3,323.2,323.9,324.7,325.3,325.4,324.5,324.6,324,323.9,324.3,323.4,323.7,323.6,322.9
CD.vdu,dp,REFINERY.CD-VDU.DP.PV,Differential pressure,kPa,0,80,60,31.67,32.82,33.09,33.2,33.06,32.31,32.9,32.93,32.47,32.83,32.73,33.05,32.44,32.27,32.01,32.3,32.72,32.85,33.3,33.2,33.17,33.03,32.42,32.43,31.38,30.31,29.96,30.19,30.35,29.78,29.62,29.6,29.66,30.3,30.21,29.71,29.53,29.38,29.16,29.36,29.38,29.26,29.54,29.86,29.29,29.38,29.64,29.43,28.61,28.45,29.17,29.48,30.16,30.53,30.07,29.7,30.03,30.81,30.96,30.96
CD.vdu,reflux,REFINERY.CD-VDU.REFLUX.PV,Reflux flow,m3/h,0,300,,136.4,133.7,134.2,131.8,133.4,130.7,128.9,127.3,126.4,126.6,125.4,124.5,125.1,126.5,127.1,127.3,126.3,125.9,125.2,125.1,125.4,125.3,125.7,123.3,124,122.3,120.8,121.4,118.7,117,115.4,115.7,117.8,117.2,114.9,115.8,115.1,114.2,114.8,113.2,112.3,112.5,110.9,112.8,114.5,113.9,114.7,112.3,111.7,111.9,109.4,110.4,109.5,108.7,107.9,106,103,100.9,102.8,101.7
CD.ejectors,top_p,REFINERY.CD-EJECTORS.TOP_P.PV,Top pressure,bar,0,50,45,26.91,26.77,26.28,25.81,25.6,25.66,25.98,25.96,26.03,25.96,26.23,26.33,26.37,26.73,26.52,26.43,26.43,26.52,26.41,26.52,26.89,26.91,26.78,26.88,26.95,26.92,26.7,26.56,26.49,26.25,26.21,25.95,26.35,26.22,26.39,26.49,26.86,26.62,26.49,26.35,26.19,26.5,26.58,26.78,26.82,26.73,26.85,26.99,27,27.11,26.9,27.02,27.1,27.31,27.37,27.39,27.27,27.24,27.38,27.25
CD.ejectors,btm_t,REFINERY.CD-EJECTORS.BTM_T.PV,Bottom temp,C,0,420,400,313.8,314.4,314.4,314.6,313.9,313.5,312.2,310.9,310.4,309.8,311.2,311.5,312,311.7,312.2,311.3,311.9,311.7,311.4,310.9,311.1,310.4,310.8,311.1,310.8,312,313,312.7,311.9,312.6,313.2,311.4,311.2,310.4,312.2,310.9,310.7,310.3,308.8,309.5,308.6,308.6,309.7,310,311.9,313.2,313.2,313.4,313.1,313.4,314,314.4,314.5,314.5,313.9,314.5,314.3,314.3,313.7,313.6
CD.ejectors,dp,REFINERY.CD-EJECTORS.DP.PV,Differential pressure,kPa,0,80,60,33.57,33.32,32.58,32.06,32.28,32.44,31.17,31.69,31.57,31.24,30.66,30.98,31.11,30.89,31.23,30.42,29.53,29.61,29.96,29.23,29.14,29.19,29.49,29.48,29.17,29.01,29.15,29.03,28.29,28.58,28.61,28.16,27.91,28.14,28.64,28.49,28.15,27.94,27.84,27.81,27.54,27.65,27.65,27.44,27.91,28.05,28.39,28.91,28.38,28.98,28.44,28.61,29.25,28.95,28.96,29.12,28.29,29.12,29.54,29.39
CD.ejectors,reflux,REFINERY.CD-EJECTORS.REFLUX.PV,Reflux flow,m3/h,0,300,,151.5,149.6,150.3,148.1,146.8,148.9,148.9,150,149.7,150.6,151.3,152.1,151.4,151.8,152,155.7,157.4,154.9,154.9,154.6,151.2,150.5,154,151.3,151,149.7,149.6,151.5,151.8,153.8,152.5,151.9,153,152.7,151,151.9,148.7,149.2,147.6,146.8,150.2,148.5,148.4,149.5,149,150.3,149.7,148.3,146.3,146.2,148.1,146.7,148.1,146.3,145.5,145.9,146.1,146.1,147.2,145.8
CV.fcc,top_p,REFINERY.CV-FCC.TOP_P.PV,Top pressure,bar,0,50,45,27,27,26.77,26.75,26.72,26.37,26.3,26.35,26.42,26.53,26.58,26.56,26.69,26.83,26.77,26.58,26.3,25.87,25.96,25.54,25.49,25.51,25.74,25.74,25.52,25.52,25.5,25.89,25.95,25.88,26.15,26.15,26.07,25.58,25.8,25.61,25.94,26.18,26.29,26.12,26.65,26.7,26.54,26.53,26.33,26.33,26.35,26.43,26.25,26.14,26.36,26.61,26.32,26.11,26.23,26.26,26.3,26.39,26.25,26.58
CV.fcc,btm_t,REFINERY.CV-FCC.BTM_T.PV,Bottom temp,C,0,420,400,317.5,317.8,317.4,318.6,319.1,319.7,321.1,321.7,322.1,323.2,324.6,324.3,323.4,322.9,322.4,322.3,321.3,321.5,318.4,317.4,316.9,318.1,318.2,317.5,316.4,316.5,316,316,315.7,315.8,316.2,315.9,316.4,316.5,315.2,317.7,319,318.8,318.2,317.3,317.7,317,316.6,316.7,315,313.9,314.7,314.5,314.6,314.3,314,313.9,314,312.7,313.9,312.8,313.7,312.7,313.8,315.3
CV.fcc,dp,REFINERY.CV-FCC.DP.PV,Differential pressure,kPa,0,80,60,35.22,34.19,34.72,34.88,35.21,35.75,36.26,36.64,36.49,36.37,36.24,36.36,35.7,36.6,37.38,37.42,37.72,37.48,37.01,37.22,36.82,36.68,36.34,36,36.16,36.28,36.99,37.11,37.46,37.34,37.25,37.56,38.26,38.67,38.39,38.31,38.57,38.3,38.46,38.74,38.86,38.69,38.48,38.99,39.33,40.02,39.66,39.72,40.32,40.15,39.6,39,39.8,39.8,40,40.25,39.71,39.94,40.13,40.41
CV.fcc,reflux,REFINERY.CV-FCC.REFLUX.PV,Reflux flow,m3/h,0,300,,143,143.9,143.6,143,142.9,144.1,145.3,144.2,144.6,144,145,144.7,143.2,143,142.2,142.6,143.3,142.4,142,145.1,145.5,147.9,149.9,151.3,151.7,153.9,155.5,155.2,153.3,155.4,151.6,152.4,151.8,152.2,151.3,151.7,149.7,150.6,150.1,148.1,146.1,146.8,145.3,146.5,147,146.6,146.3,144.8,144.3,144,142.1,144.8,148.4,147.3,150,147.8,149,149.5,149.1,149.8
CV.fcc.riser,top_p,REFINERY.CV-FCC-RISER.TOP_P.PV,Top pressure,bar,0,50,45,25.67,25.79,25.79,26.11,26.2,26.51,26.68,26.6,26.42,26.36,26.37,26.68,26.47,26.3,26.32,26.35,26.41,26.39,26.42,26.22,26.3,26.22,26.06,26.09,26.09,26.07,25.94,25.84,25.79,25.81,25.89,25.85,25.62,25.85,25.99,26.02,25.87,25.74,25.67,25.72,25.64,25.2,24.95,24.55,24.59,24.53,24.71,24.8,24.93,25,24.98,24.8,25.04,24.87,24.77,24.71,24.46,24.32,24.61,24.5
CV.fcc.riser,btm_t,REFINERY.CV-FCC-RISER.BTM_T.PV,Bottom temp,C,0,420,400,314.4,314.5,314.7,315.4,315.5,316.6,317.2,317.1,318.1,317.5,317.5,319.2,318.3,317.6,316.3,316.1,315.4,315.1,314.5,315.4,314.8,314.2,314.6,315.1,314.8,315.7,315.1,315.3,315.2,316.1,317.3,317.9,318,319.2,319,319.1,317.4,316.8,316,316.2,315.3,315.4,315,315,315.8,316.9,317.3,316.9,316.8,315.8,318.2,319.8,320.7,320.2,321.4,321.4,322.5,324.7,325.2,325.4
CV.fcc.riser,dp,REFINERY.CV-FCC-RISER.DP.PV,Differential pressure,kPa,0,80,60,33.79,33.7,33.23,32.63,32.62,32.55,32.32,32.73,32.36,32.2,31.33,30.85,31.83,32.29,32.32,32.08,32.09,32.2,32.58,32.84,33.05,32.5,32.02,32.39,32.51,32.01,32.12,32.66,31.96,31.09,30.19,30.05,29.44,29.86,29.79,30.46,31.18,30.53,30.41,30.14,30.1,29.41,29.44,29.47,29.41,29.83,29.82,29.73,29.51,29.6,29.65,29.85,30.27,29.46,29.81,30.55,30.21,30.45,29.6,29.11
CV.fcc.riser,reflux,REFINERY.CV-FCC-RISER.REFLUX.PV,Reflux flow,m3/h,0,300,,142.5,141.7,143.7,144.7,144.2,144.8,144.3,143.9,141.2,140.6,141.8,141.4,141.5,144.6,144.4,144,143.4,143.3,143.9,142.7,143.1,145.9,148.4,147.5,147.7,149.1,150.7,152.3,151.1,152.2,151.2,151.5,151.1,149.5,147.3,147.5,148.7,150.4,148.8,148.4,150,151.7,151.8,153.1,154.3,153.9,155.3,155.5,157.1,158.8,157.8,157.4,157.5,156.3,155.1,155.6,153.9,153,153.5,153.3
CV.fcc.regen,top_p,REFINERY.CV-FCC-REGEN.TOP_P.PV,Top pressure,bar,0,50,45,26.71,26.8,26.83,26.92,26.91,26.97,26.96,26.64,26.97,27.12,27.24,27.4,27.33,27.27,27.18,27.48,27.4,26.91,26.88,26.88,27.21,27.35,27.41,27.56,27.48,27.31,27.16,27.26,27.41,27.26,27.12,27.12,26.97,26.75,26.78,26.79,26.68,26.92,26.99,27.29,27.29,27.32,27.17,27.17,27.02,27.17,27.05,26.88,26.89,26.59,26.54,26.8,26.91,26.87,27.11,26.96,27.25,27.16,27.33,27.27
CV.fcc.regen,btm_t,REFINERY.CV-FCC-REGEN.BTM_T.PV,Bottom temp,C,0,420,400,322.9,325.4,325.3,326.2,325.2,326.2,326.5,326,324.5,327.1,327.7,328.6,326.5,326.7,325,324.9,322.7,322.1,321.4,322.2,321.9,321.8,321.5,320.9,321.5,321.8,321.6,321.6,321.4,321.6,320.5,320.6,321.8,320.9,319.7,320.1,321.1,322.5,324.5,323.3,324.1,324.7,323.3,322.9,322,321.4,323.1,322.4,323.5,324,325.1,327.8,327.9,327.6,326.1,326.8,326.6,325.6,323.8,324.2
CV.fcc.regen,dp,REFINERY.CV-FCC-REGEN.DP.PV,Differential pressure,kPa,0,80,60,33.48,32.79,32.09,32.4,31.69,31.74,31.78,32.09,31.48,31.43,31.26,31.71,31.92,31.79,31.96,31.54,31.3,32.3,32.5,32.72,33.02,33.37,33.05,32.94,32.9,33.13,32.91,32.84,32.52,32.77,33.53,33.53,33.56,33.9,34.22,34.9,34.57,34.28,34.14,34.53,33.66,33.52,33.17,33.26,33.62,33.42,33.67,33.64,33.38,33.65,33.44,33.18,32.88,32.98,32.4,32.99,32.59,32.54,32.67,32.96
CV.fcc.regen,reflux,REFINERY.CV-FCC-REGEN.REFLUX.PV,Reflux flow,m3/h,0,300,,148.2,148.7,148.5,149.9,149.5,146.9,145.8,145,145,145.5,146.8,146.5,147.5,146.4,147.1,147,144.1,143.5,141.9,143.2,143.5,143.8,143.8,143.1,140.7,141.9,141.9,141.3,141.1,139.1,138.7,137.7,137.5,137.8,138.6,139.2,141.5,144.5,144.2,144.6,144,144.9,145.9,148.3,148.6,150.1,149.1,148.9,151.6,154.1,155.7,156.2,157.8,158.7,161.4,160.7,160.7,161.1,163.6,161.9
CV.fcc.stripper,top_p,REFINERY.CV-FCC-STRIPPER.TOP_P.PV,Top pressure,bar,0,50,45,25.37,25.4,25.32,25.46,25.29,25.22,25.33,25.26,25.19,25.25,25.04,25.06,24.74,24.88,24.62,24.76,24.53,24.82,24.75,24.85,24.86,24.68,24.41,24.37,24.46,24.33,24.5,24.38,24.57,24.35,24.45,24.5,24.38,24.31,24.42,24.29,24.5,24.8,24.86,24.72,25.14,25.06,25.14,25.08,25.22,25.1,24.91,24.98,25.26,25.42,25.52,25.93,25.94,25.84,25.66,25.58,25.75,25.94,25.88,25.99
CV.fcc.stripper,btm_t,REFINERY.CV-FCC-STRIPPER.BTM_T.PV,Bottom temp,C,0,420,400,315.9,316.2,315.8,315.7,315.4,315.6,315,313.7,313.7,313.2,313,313,313.4,315.5,315.4,315.7,316.2,315.6,314.9,315.5,315.3,314,313.8,313.1,313.2,313,313.1,313.4,313,313.5,314.1,313.5,313.5,313.5,313.9,314.7,314.2,314.6,313.5,312.2,311.8,312.2,310.8,311.2,311.6,312.7,314.8,314.3,315.2,315.3,315.2,316.3,315.8,318.1,318.9,317.2,317.6,316.8,318.2,319.4
CV.fcc.stripper,dp,REFINERY.CV-FCC-STRIPPER.DP.PV,Differential pressure,kPa,0,80,60,31.96,31.19,30.36,30.61,30.56,30.58,30.62,30.59,30.08,30.04,29.86,29.76,29.46,29.59,29.84,29.22,29.72,29.98,29.92,29.89,29.75,29.39,29.06,28.54,28.08,27.88,27.94,28.06,27.64,27.43,27.41,28.03,28.07,27.83,27.87,27.36,26.64,26.15,26.21,25.78,25.3,25.94,25.43,25.18,24.93,25.04,25.04,25.05,25.36,25.36,25.15,25.26,25.72,25.8,25.45,25.73,26.48,26.51,26.15,25.16
CV.fcc.stripper,reflux,REFINERY.CV-FCC-STRIPPER.REFLUX.PV,Reflux flow,m3/h,0,300,,137.2,138.3,135.7,135.9,135.2,136.4,136.2,135,136.4,137.1,136,136.7,137.8,137.3,134.9,135.3,134.7,137.5,138.6,142.6,144.6,145.7,145.1,145.1,145.7,147.6,148.1,148.2,149.1,148.3,147.7,148.2,148.6,147.3,146.7,144.7,144,144.2,144.9,144.2,145,145.9,147.8,148.8,147.4,146.1,146.8,145.8,147.4,147.9,146.4,146.7,147.9,146.2,146.4,149.1,147.7,146.6,144,145
CV.fcc_frac,top_p,REFINERY.CV-FCC_FRAC.TOP_P.PV,Top pressure,bar,0,50,45,25.33,25.27,25.59,25.5,25.32,25.08,25.25,24.92,25.08,25.02,25.26,25.08,25.25,25.13,25.25,25.56,25.56,25.58,25.83,25.81,26.07,26.19,25.84,25.86,26.03,26.01,26.04,26.19,26.22,26.09,26.13,26.2,25.97,25.87,25.99,26.05,26.31,25.96,25.95,26.06,26.01,26.06,25.8,25.86,26.14,25.7,25.69,25.68,25.55,25.43,25.59,25.6,25.68,25.58,25.42,25.42,25.46,25.56,25.68,25.69
CV.fcc_frac,btm_t,REFINERY.CV-FCC_FRAC.BTM_T.PV,Bottom temp,C,0,420,400,315.6,314.7,315,315.8,317.2,316.6,317.1,317.1,316.3,315.5,317.1,317.3,316.3,317.1,317.3,316.8,316.7,316,315.6,317.2,318,318.7,316.8,316.7,316.5,316.8,317.3,316.2,315.7,315,314,313.9,314,312.8,311.9,313.5,312.8,312.2,311.7,312.8,312.7,313.3,313.3,314.2,314.6,315.5,315.3,314.2,314.6,314.8,314.1,314.1,312.4,312.8,314.4,313.1,312.9,313.9,314.3,314.7
CV.fcc_frac,dp,REFINERY.CV-FCC_FRAC.DP.PV,Differential pressure,kPa,0,80,60,35.07,34.73,34.4,34.13,33.87,33.92,34.62,34.75,34.59,34.7,35.13,34.73,34.5,33.87,33.74,33.98,34.33,34.49,34.32,34.78,33.85,33.82,33.6,33.44,34.2,34.63,33.98,34.47,34.29,34.24,34.67,34.6,34.53,34.34,34.06,33.36,33.49,33.98,34.28,34.79,35.15,34.89,34.57,34.61,34.08,33.3,34.09,34.13,33.6,33.32,33.88,34.3,34.01,33.65,33.36,33.22,32.64,32.67,31.91,32.1
CV.fcc_frac,reflux,REFINERY.CV-FCC_FRAC.REFLUX.PV,Reflux flow,m3/h,0,300,,133.7,132.8,131.9,132.9,131.9,133.6,130.3,128.9,128.9,128.1,129.8,130.9,132.1,135.1,133.4,133.3,134.6,133.1,133.5,134.8,135.5,136.7,134.7,133.4,136.4,137.5,137.8,139.2,139.7,139.4,138.9,137.6,138.1,137.8,138.3,140,139.7,139.8,138.7,137.8,138.3,137.8,135.3,136.3,135.5,137.7,138.5,136.3,137.4,138.5,139.1,138.2,136.1,133.7,131.6,129.7,130.6,129.6,126.3,128.9
CV.hcu,top_p,REFINERY.CV-HCU.TOP_P.PV,Top pressure,bar,0,50,45,25.85,25.68,25.81,25.7,25.26,25.11,24.97,24.95,25.09,25.16,25.03,25.17,25,24.9,24.69,24.76,24.79,24.57,24.34,24.06,24.28,24.04,23.55,23.29,23.55,23.15,22.82,22.75,22.93,22.85,22.8,22.92,22.88,22.68,22.48,22.21,22.4,22.18,22.36,23.03,23.35,23.52,23.53,23.81,24.13,24.44,24.73,25.16,25.51,25.44,26.14,26.41,27.09,27.31,27.6,27.74,27.98,28.47,28.93,29.53
CV.hcu,btm_t,REFINERY.CV-HCU.BTM_T.PV,Bottom temp,C,0,420,400,322.3,322,322.4,322.1,320.9,320.3,320.3,320.2,320.3,322.3,321.4,322.1,320.8,320.4,319.8,319.2,319.2,318.5,320.2,319.8,319.3,318.3,318.2,318.6,318.9,318.8,318.8,318.9,318.2,316.9,317,316.5,316.1,315.8,315.7,316.5,315.9,315.3,314.8,314.4,313.6,313.4,312.9,313.4,312.2,313.8,312.6,312.5,311.5,311.1,312.4,312.4,313,311.7,311.7,313.2,312.6,312.5,314.7,312.8
CV.hcu,dp,REFINERY.CV-HCU.DP.PV,Differential pressure,kPa,0,80,60,34.54,34.2,34.67,34.98,34.68,34.11,34.22,33.77,33.16,32.25,31.96,31.72,31.82,31.29,31.16,30.5,31.1,31.17,30.87,30.66,31.16,30.26,30.59,30.48,30.51,30.09,29.86,30.25,29.99,29.9,30.52,30.07,30.38,30.25,30.47,30.75,30.36,30.62,30.93,30.8,31.07,30.62,30.95,31.55,31.09,30.76,30.72,30.62,30.42,29.06,29.24,29.55,29.37,29.71,29.1,29.16,29.53,30.17,30.18,29.84
CV.hcu,reflux,REFINERY.CV-HCU.REFLUX.PV,Reflux flow,m3/h,0,300,,144.1,144.7,145.4,146.4,146.1,144.9,142.8,143.9,143.9,144.4,144.7,143.5,145.7,147.5,149.6,148.2,149.8,149.5,150.6,153,151.1,151.1,150.7,151,150.6,149.8,150.6,150.6,150.9,149.4,148,149.8,148.6,148.2,148.8,146.8,149,149.1,148.1,145.4,145.1,145.4,146.2,147.6,148.3,148.2,149,150.6,152.2,153.6,152.4,150.4,148.6,149.1,150.2,149.6,147.8,148.1,147.4,148
CV.hcu_comp,suction_p,REFINERY.CV-HCU_COMP.SUCTION_P.PV,Suction pressure,bar,0,80,10,43.76,43.2,42.9,42.99,42.86,43.28,43.11,42.92,42.96,43.16,43.18,42.42,42.27,42.53,43.26,42.89,43.48,42.96,42.69,43.03,42.84,43.18,42.43,42.69,43.18,43.82,42.95,42.02,42.26,41.41,41.21,41.81,41.07,41.04,40.99,40.16,39.61,39.73,39.97,39.98,40.6,41,40.89,40.95,39.99,39.66,39.61,39.25,39.87,38.88,38.91,38.65,37.93,38.72,38.48,38.57,37.7,38.08,37.77,37.78
CV.hcu_comp,disch_p,REFINERY.CV-HCU_COMP.DISCH_P.PV,Discharge pressure,bar,0,120,105,78.14,78.02,79.72,79.7,80.02,80.86,80.4,80.11,79.44,79.96,79.85,80.47,81.44,81.82,81.51,80.72,81.67,80.43,80.29,81.06,80.2,79.94,79.31,81.6,80.78,81.19,81.65,82.71,82.48,81.04,79.36,79.62,80.68,79.9,79.28,79.58,79.32,78.5,78.54,78.15,77.76,77.1,78.24,77.78,78.11,77.89,77.26,77.7,76.74,76.89,77.66,77.6,78.17,77.54,76.26,77.29,77.03,76.86,75.7,75.72
CV.hcu_comp,vib,REFINERY.CV-HCU_COMP.VIB.PV,Vibration,mm/s,0,15,9,2.52,2.416,2.351,2.279,1.66,1.901,1.818,1.977,1.859,1.847,1.816,1.776,1.827,1.4,1.517,1.503,1.392,1.479,1.456,1.314,1.177,1.543,1.216,0.9287,0.9905,1.114,0.9514,0.8367,0.5589,0.8169,0.5425,0.3651,0.3735,0.3488,0.4868,0.6493,0.6813,0.6327,0.6877,0.4459,0.6934,0.8553,1.206,1.112,1.332,1.233,1.03,1.321,1.371,1.641,1.617,1.671,1.811,2.008,2.126,1.977,2.08,2.171,2.227,2.231
CV.hcu_comp,disch_t,REFINERY.CV-HCU_COMP.DISCH_T.PV,Discharge temp,C,20,160,140,113.9,112.8,113,112.9,113.6,114.9,115.5,114.3,115.3,115.5,115.1,114.3,115.5,115.5,115.3,115.4,115.4,115.5,114.6,115.4,116.3,117.1,118.2,117.7,118,117.1,117.6,117,117.6,118.3,118.2,117,117,117.1,117.2,116,114.6,114.3,113.4,112.3,113.3,114.1,112.7,111.7,112.1,112.5,113.1,112.3,111.7,112,112.5,112.5,111.8,111.5,110.6,110.4,109.9,111,110,109.8
CV.coker,level,REFINERY.CV-COKER.LEVEL.PV,Interface level,%,0,100,85,48.25,48.6,49.05,49.33,49.35,49.22,49.21,49.97,49.77,49.47,49.19,48.95,49.63,50.02,50.31,50.68,50.67,50.28,50.61,51.01,50.21,49.85,49.56,49.5,49.84,49.74,49.82,50.29,50.1,50.42,50.56,50.32,49.96,50.3,50.74,50.88,50.68,51.15,51.99,52.44,52.72,52.89,53.69,54.07,54.98,55.5,55.85,56.39,57.05,57.6,58.88,59.42,59.39,59.76,60.39,61.07,61.92,62.81,63.63,64.47
CV.coker,press,REFINERY.CV-COKER.PRESS.PV,Pressure,bar,0,30,25,8.362,8.248,8.348,8.364,8.374,8.438,8.287,8.306,8.398,8.499,8.452,8.312,8.241,8.385,8.363,8.407,8.292,8.27,8.399,8.275,8.257,8.223,8.242,8.234,7.964,7.792,7.924,8.13,8.134,7.924,7.883,7.957,8.222,8.39,8.397,8.44,8.466,8.433,8.456,8.536,8.471,8.447,8.45,8.69,8.694,8.616,8.503,8.378,8.309,8.275,8.364,8.321,8.403,8.396,8.513,8.734,8.673,8.662,8.707,8.799
CV.coker,temp,REFINERY.CV-COKER.TEMP.PV,Temperature,C,0,120,100,53.31,53.08,52.58,52.87,52.08,51.75,51.38,51.24,50.49,50.55,50.51,50.57,49.85,49.71,49.81,49.47,49.94,50.14,50.35,50.59,49.82,49.55,49.46,49.1,49.03,49.11,49.41,49.81,49.66,49.2,49.82,49.79,49.43,48.78,48.37,48.36,48.06,47.84,47.34,47.76,47.02,46.99,47.52,47.9,47.98,48.31,48.86,49.16,49.16,49.27,49.63,50.46,50.92,51.25,51.43,51.01,51,51.05,50.9,50.99
CV.coker,gas_out,REFINERY.CV-COKER.GAS_OUT.PV,Gas outlet,MMscfd,0,60,,22.03,21.67,21.76,21.5,21.56,21.11,20.94,20.65,20.55,20.63,20.97,20.93,20.68,20.68,20.65,20.82,20.66,20.67,20.81,20.92,21.06,20.79,20.93,20.86,20.76,20.52,21.07,21.02,21.51,21.49,21.23,21.03,20.84,21.06,20.7,20.58,20.79,20.92,21.16,21.42,21.07,21.41,21.01,20.5,20.55,20.67,20.65,20.18,20.15,20.13,20.79,20.78,20.32,20.1,20.02,19.92,19.82,19.75,19.72,19.83
CV.coker_frac,top_p,REFINERY.CV-COKER_FRAC.TOP_P.PV,Top pressure,bar,0,50,45,26.36,26.33,26.42,26.19,26.58,26.83,26.7,26.41,26.32,26.29,26.41,26.63,26.61,26.71,26.58,26.5,26.52,26.41,26.55,26.77,26.67,26.86,27.22,27.17,27.2,27.1,27.23,27.26,27.43,27.43,27.39,27.52,27.66,27.91,27.91,27.96,28.24,28.26,28.38,28.66,28.67,29.08,28.92,28.87,28.47,28.64,28.83,28.65,28.97,29.09,29.06,28.87,28.95,29.1,28.89,29.01,29.42,29.47,29.4,28.95
CV.coker_frac,btm_t,REFINERY.CV-COKER_FRAC.BTM_T.PV,Bottom temp,C,0,420,400,323.3,323.7,322.5,322.1,321.2,320.1,320.4,319.5,320,319.7,320.9,320.4,321.4,321.2,321.7,322,322.5,322.5,322.1,323.4,322.5,321.8,321.4,322.4,323.3,321.8,321.2,321,320.8,321.8,322.6,322.9,323,322.7,322.1,321.3,320.7,320.4,321.8,320.3,320.6,320,320.5,320.5,319.2,319.8,318.8,319.4,320.6,321.3,321.6,321.7,322.4,324.2,325.1,326.5,326.8,326.8,327.3,327
CV.coker_frac,dp,REFINERY.CV-COKER_FRAC.DP.PV,Differential pressure,kPa,0,80,60,35.13,34.92,35.89,36.23,36.97,37.07,36.55,36.25,36.38,36.12,36.27,35.63,35.6,34.98,35.23,35.58,35.45,36.07,36.41,36.96,37.23,37.29,37.83,37.69,37.41,37.24,37.38,37.76,37.93,37.99,38.3,38.34,37.53,37.64,38.09,38.4,39.05,38.56,38.79,38.97,38.46,39.12,39.5,39.89,39.66,38.98,38.61,38.17,38.03,37.94,37.31,38.02,37.84,38.59,38.8,37.83,37.7,36.96,36.49,35.78
CV.coker_frac,reflux,REFINERY.CV-COKER_FRAC.REFLUX.PV,Reflux flow,m3/h,0,300,,134.9,135,135.9,134.1,132.8,131.9,130.3,130.1,127.9,127.6,124.9,127.5,127.1,125.6,128.1,127.4,127,126,124.2,126.3,127.9,129.1,128.2,127.9,129.5,129.8,130.8,131.8,131.4,130.8,130.7,129.1,127.8,127.2,126.3,127.8,129.5,127.6,128,127.2,129.9,129.1,129.3,128.9,128,129.1,130,127.4,127.2,127.7,128.7,130.9,131.5,133.8,135.3,133.2,132.4,132,132.5,131.3
CV.coker_furnace,out_t,REFINERY.CV-COKER_FURNACE.OUT_T.PV,Outlet temp,C,100,480,450,369.1,368.4,367.2,368.3,369.2,368.7,367,366.5,367.2,367.9,368.5,370,368.2,369.1,367.4,368.7,368.8,368.8,368.5,368.1,366.7,366.7,368.1,367.1,366.7,367.3,367.5,367.1,366.7,365.8,364.8,364.6,365.4,367.4,369.7,370.1,370.9,371.8,370.8,369.3,369.9,370.6,371.1,371.6,372.6,371.6,370.3,371.7,373.1,371.8,370.4,371,371.1,371.7,371.4,372.7,372.8,372.8,373.2,375
CV.coker_furnace,fuel,REFINERY.CV-COKER_FURNACE.FUEL.PV,Fuel gas,MMBtu/h,0,200,,121.2,121.2,122,122.3,122.3,122.9,122.3,122.2,121.3,121.8,121.6,119.8,120.7,119,118.7,119.7,119.1,120.2,121.9,122.5,123.7,122.1,121.3,122.3,121.9,122.1,121.8,122.8,122,123.1,123.8,124.4,125.4,124.5,124,123.1,124.2,122.4,122.4,122.5,122,123.5,122.7,123.5,122.7,122.9,122.9,122.9,122.1,121.9,122.2,121.8,123.1,122.1,121.5,122.3,122.4,122.8,122.2,122.2
CV.coker_furnace,stack_t,REFINERY.CV-COKER_FURNACE.STACK_T.PV,Stack temp,C,100,500,420,291.7,292.6,292.4,293.7,291.8,292.5,292,292.2,293.5,293.6,296.2,296.2,295.7,296.1,297.9,297.5,298.3,298.8,299,298.3,298.5,298.7,298.8,297.4,297.1,296.1,295.8,297,297.1,297,295.5,293.9,295.2,295.7,294.3,294.1,294.2,293.3,292.1,289.2,288.5,287.7,286.6,288.6,288.3,289.5,289.1,290.5,290.2,289.9,290.4,290.8,292.2,291.6,291.9,291.8,292.1,291.8,290.9,290.3
CV.coker_furnace,o2,REFINERY.CV-COKER_FURNACE.O2.PV,Excess O2,%,0,8,6,2.262,2.25,2.283,2.33,2.298,2.389,2.407,2.333,2.391,2.344,2.357,2.472,2.505,2.44,2.468,2.487,2.494,2.61,2.651,2.568,2.61,2.565,2.568,2.568,2.515,2.586,2.614,2.626,2.635,2.641,2.751,2.744,2.724,2.731,2.778,2.774,2.831,2.898,2.871,2.813,2.802,2.739,2.806,2.771,2.799,2.829,2.803,2.8,2.849,2.802,2.754,2.696,2.733,2.793,2.741,2.72,2.776,2.79,2.735,2.685
CV.cokepit,temp,REFINERY.CV-COKEPIT.TEMP.PV,Temperature,C,0,120,100,44.36,44.57,44.65,44.99,45.01,45.5,45.51,44.97,44.59,44.42,44.72,44.38,44.5,44.58,43.8,44.3,44.28,44.11,44.35,44.24,44,44.27,44.54,44.61,44.67,44.77,44.68,45.06,45.46,46.08,46.9,46.81,46.8,47.12,47.34,47.62,47.8,47.8,48.62,49.1,49.47,49.68,50.11,50.65,51.27,51.91,52.71,53.79,54.49,55.3,55.39,55.97,57.09,57.57,58.42,58.82,59.24,60.2,61.18,61.95
CV.cokepit,vib,REFINERY.CV-COKEPIT.VIB.PV,Vibration,mm/s,0,12,7.1,1.618,1.704,1.559,1.781,1.786,1.901,2.076,2.016,1.981,1.929,2.019,2.148,2.205,2.007,1.886,1.803,1.757,1.638,1.676,1.668,1.636,1.74,1.776,2.112,2.173,2.067,2.109,2.023,2.057,2.142,2.184,2.244,2.203,2.274,2.091,1.983,2.168,2.059,2.18,2.234,2.178,2.271,2.015,2.121,2.291,2.256,2.13,2.388,2.366,2.498,2.397,2.293,2.343,2.416,2.46,2.362,2.452,2.259,2.225,2.197
CV.cokepit,load,REFINERY.CV-COKEPIT.LOAD.PV,Load,%,0,100,95,56.06,55.12,54.81,55.2,55.8,55.08,54.85,55.14,55.07,54.88,53.46,53.24,53.82,53.95,55.03,55.72,55.2,55.61,55.83,55.13,55.8,55.75,55.19,55.72,56.11,55.89,56.17,55.93,55.27,55.94,56.89,57.27,56.18,56.69,56.25,56.46,56.79,56.4,56.24,56.4,56.52,56.9,57.35,57.49,57.8,57.3,57.67,58.31,58.95,58.72,59.57,61.24,61.93,61.74,62.75,63.26,62.9,64.1,63.85,65.46
HT.nht,level,REFINERY.HT-NHT.LEVEL.PV,Interface level,%,0,100,85,47.57,47.78,47.52,47.42,48.09,48,47.93,47.73,47.78,47.86,47.96,47.75,47.72,48.11,48.34,48.49,48.27,48.02,48.06,48.61,48.75,49.19,49.51,49.43,49.47,49.63,49.38,49.73,50.12,49.84,49.56,49.34,49.13,49.68,49.42,49.83,49.07,48.84,48.76,49.35,50.86,51.44,52.31,52.26,52.85,53.49,53.97,54.72,55.29,55.27,55.81,56.86,57.51,58.41,59.08,59.94,60.87,61.36,61.97,62.24
HT.nht,press,REFINERY.HT-NHT.PRESS.PV,Pressure,bar,0,30,25,8.104,8.052,8.135,8.249,8.11,8.239,8.386,8.317,8.262,8.29,8.18,8.138,8.087,8.159,8.182,8.187,8.044,8.047,8.107,8.36,8.406,8.249,8.195,8.124,8.307,8.355,8.43,8.363,8.592,8.471,8.546,8.574,8.49,8.674,8.904,8.795,8.874,8.755,8.781,8.708,8.668,8.825,8.721,8.744,8.754,8.763,8.737,8.85,8.954,9.094,9.2,9.373,9.346,9.374,9.473,9.57,9.497,9.394,9.222,9.349
HT.nht,temp,REFINERY.HT-NHT.TEMP.PV,Temperature,C,0,120,100,54.81,54.35,54.62,54.31,54.37,54.84,55.21,54.9,54.3,54.63,54.07,54.31,53.98,54.08,54.04,54.52,54.27,54.35,54.66,54.67,54.11,54.03,53.79,53.75,54.13,53.66,52.52,52.4,52.28,52.53,52.73,52.45,52.98,53.35,53.12,52.75,53.17,53.33,53.04,53.15,53.29,52.96,52.6,52.68,52.08,51.52,51.83,52.4,52.48,52.66,52.84,52.88,53.05,53.31,53.27,53.45,53.36,53.12,53.57,52.84
HT.nht,gas_out,REFINERY.HT-NHT.GAS_OUT.PV,Gas outlet,MMscfd,0,60,,20.89,20.89,21.32,21.47,21.94,22.19,22.63,22.83,23.72,24.23,24.61,24.58,24.78,25.29,24.78,25.06,25.33,25.46,25.28,25.27,25.19,25.02,25.38,25.69,25.6,25.82,25.11,25.02,24.92,25.36,25.35,25.65,25.5,25.84,25.95,25.65,25.54,25.89,26.03,26.03,26.19,26.26,26.01,26.14,26.26,26.74,26.74,26.34,26.02,26.11,25.53,26.19,26.17,26.22,26.15,26.04,26.18,26.3,26.43,26.83
HT.dht,level,REFINERY.HT-DHT.LEVEL.PV,Interface level,%,0,100,85,45.91,45.48,45.49,45.86,46.63,46.6,46.76,46.32,46.62,46.16,45.91,45.74,45.7,45.61,45.51,45.69,45.68,45.85,46.12,45.9,45.73,45.83,46.29,46.19,46,46.01,46.04,45.84,45.87,46.08,45.62,45.64,45.51,45.15,44.39,44.84,44.96,45.41,46.1,46.8,46.92,47.68,48.36,49.87,50.24,51.5,51.95,52.16,52.98,53.22,53.63,54.24,54.37,55.08,55.49,56.42,56.4,57.12,57.47,57.79
HT.dht,press,REFINERY.HT-DHT.PRESS.PV,Pressure,bar,0,30,25,8.302,8.42,8.409,8.535,8.539,8.509,8.616,8.575,8.703,8.539,8.622,8.385,8.502,8.468,8.391,8.347,8.185,8.153,8.181,8.158,8.089,8.168,8.219,8.338,8.356,8.276,8.33,8.283,8.207,8.195,8.187,8.111,8.142,8.198,8.092,7.986,8.027,8.017,7.86,7.856,7.89,8.123,8.102,7.977,8.05,8.074,8.126,8.212,8.154,7.997,7.904,7.996,7.949,7.913,7.934,7.801,7.774,7.787,7.863,7.928
HT.dht,temp,REFINERY.HT-DHT.TEMP.PV,Temperature,C,0,120,100,51.26,50.47,50.12,50.35,50.6,50.73,50.9,50.89,50.45,50.09,50.16,50.26,50.07,50.44,50.75,50.28,50.07,50.9,50.82,50.6,50.77,50.86,50.27,50.49,50.89,50.93,50.85,50.95,50.28,50.85,51.2,52,51.75,51.51,51.68,51.73,52.02,52.27,51.67,51.9,52.23,51.4,51.71,52.12,52.05,52.38,53.03,52.79,53.48,53.12,53.49,53.7,54.11,53.68,53.84,53.53,53.66,53.15,52.73,52.94
HT.dht,gas_out,REFINERY.HT-DHT.GAS_OUT.PV,Gas outlet,MMscfd,0,60,,23.11,23.34,23.4,23.45,23.3,23.28,23.24,23.39,23.97,24.07,24.69,25.29,25.25,25.7,25.47,25.16,25.26,24.99,25.03,25.16,25.45,25.3,25.31,25.38,25.43,25.43,25.11,25.18,25.08,24.99,24.97,25.26,25.43,25.64,25.79,25.66,26.16,26.36,26.61,26.61,26.66,26.64,26.5,26.81,26.84,26.84,27.11,27.09,27.58,27.13,27.5,27.86,27.77,27.51,27.32,27.57,27.56,27.95,27.96,28.37
HT.amine,temp,REFINERY.HT-AMINE.TEMP.PV,Temperature,C,0,120,100,45.38,45.75,45.77,45.34,45.44,45.42,44.48,44.4,44.87,44.96,45.24,44.82,45.8,46.12,46.6,46.94,47.23,46.7,46.07,45.91,46.61,46.89,47.21,47.43,46.96,46.75,46.88,46.27,46.87,46.87,47.64,47.58,47.62,47.72,47.4,47.07,46.59,46.59,46.46,46.2,45.29,45.59,45.35,45.46,45.08,44.84,45.2,44.96,44.81,45.32,45.25,45.58,45.11,45.34,45.88,46.43,45.95,46.02,45.79,45.59
HT.amine,vib,REFINERY.HT-AMINE.VIB.PV,Vibration,mm/s,0,12,7.1,1.999,1.952,1.867,1.794,1.66,1.492,1.78,1.885,1.917,1.989,1.988,1.733,1.818,1.809,1.667,1.449,1.499,1.517,1.731,1.704,1.753,1.855,2.126,2.074,2.111,2.067,1.891,1.859,1.857,1.944,2.016,2.088,2.291,2.302,2.156,1.935,1.986,1.966,2.093,2.102,1.988,1.985,1.873,1.786,1.714,2.024,2.114,2.194,2.088,2.276,2.236,2.402,2.43,2.252,2.312,2.14,2.082,2.1,2.424,2.546
HT.amine,load,REFINERY.HT-AMINE.LOAD.PV,Load,%,0,100,95,61.07,60.62,60.65,59.09,57.66,58.04,58.3,59.52,59.79,61.48,61.32,60.48,59.99,59.98,60.43,59.34,58.75,59.4,59.6,58.68,58.26,59.07,57.6,58.66,59.53,60.44,60.9,60.54,59.82,60.13,59.5,58.43,58.68,59.57,59.34,59.27,58.17,57.72,57.46,58.13,56.89,56.98,56.49,57.71,58.1,57.82,57.39,55.91,56.1,56.38,56.37,55.81,55.05,55.26,53.81,52.67,51.49,50.22,48.79,49.15
HT.sru,temp,REFINERY.HT-SRU.TEMP.PV,Temperature,C,0,120,100,44.62,45.2,45.22,45.54,46.06,45.89,46.11,46.13,46.07,46.1,46.49,46.35,46.8,46.7,47.39,47.3,47.83,48.65,47.95,48.14,48.14,48.45,48.8,49.58,49.21,49.02,48.92,48.9,49.77,50.12,50.76,50.9,51.19,50.9,51.23,51.59,51.68,51.35,50.45,51.18,51.57,51.73,51.56,51.51,52.01,51.26,51.94,51.79,51.82,51.88,52.23,52.21,52.28,52.88,52.71,52.69,52.57,52.63,52.59,52.48
HT.sru,vib,REFINERY.HT-SRU.VIB.PV,Vibration,mm/s,0,12,7.1,2.889,2.98,3.204,3.053,2.952,2.802,2.922,2.839,2.678,2.962,2.971,3.083,3.22,3.262,3.403,3.455,3.65,3.515,3.554,3.724,3.74,3.471,3.407,3.523,3.56,3.693,3.705,3.549,3.563,3.696,3.479,3.203,3.529,3.654,3.861,3.637,3.759,3.83,3.806,4.025,4.032,4.102,4.273,4.28,4.513,4.542,4.515,4.49,4.65,4.638,4.573,4.669,4.748,4.574,4.496,4.648,4.828,4.794,4.723,4.575
HT.sru,load,REFINERY.HT-SRU.LOAD.PV,Load,%,0,100,95,57.18,56.42,57.11,57.88,58.08,58.63,57.66,57.72,56.45,57.54,57.46,57.38,57.5,57.19,56.99,56.85,57.3,57.48,56.87,57,55.43,55.79,56.87,56.54,56.59,56.03,54.7,54.51,54.56,54.08,51.77,51.89,51.67,52.9,52.87,52.57,51.17,52.02,51.44,51.29,53.07,53.45,52.28,51.92,51.95,52.05,52.51,52.26,50.79,49.63,50.21,49.32,49.53,48.31,48.04,49.01,47.91,46.92,46.78,46.38
HT.h2,temp,REFINERY.HT-H2.TEMP.PV,Temperature,C,0,120,100,47.74,48.24,48.25,47.71,47.35,47.53,47.46,47.21,47.29,47.19,47.37,47.38,47.1,47.28,47.25,46.71,46.84,46.94,46.68,46.85,46.53,46.08,45.77,45.71,45.35,45.45,44.53,44.89,44.88,44.41,44.26,44.12,43.97,43.82,43.29,42.93,42.7,42.92,42.25,42.28,41.98,42.03,42.24,42.47,42.4,42.46,42.68,42.37,42.66,43.29,42.61,42.59,42.2,42.3,41.74,41.88,41.52,41.15,41.16,41.68
HT.h2,vib,REFINERY.HT-H2.VIB.PV,Vibration,mm/s,0,12,7.1,2.715,2.984,3.038,3.02,2.972,2.882,2.723,2.813,2.843,2.885,3.01,2.999,2.653,2.423,2.567,2.554,2.575,2.32,2.142,2.305,2.185,2.21,2.024,1.871,1.82,1.901,2.002,1.899,1.732,1.848,1.737,1.866,1.841,1.893,1.767,1.846,1.994,2.221,2.256,2.351,2.185,2.109,2.048,1.601,1.513,1.529,1.386,1.453,1.483,1.496,1.554,1.52,1.432,1.762,1.97,2.078,1.949,1.782,1.747,1.718
HT.h2,load,REFINERY.HT-H2.LOAD.PV,Load,%,0,100,95,60.96,60.74,60.82,60.47,59.42,60.57,58.53,58.22,57.02,56.71,57.06,56.55,56.48,57.58,56.34,56.76,56.28,56.61,56.92,55.94,56.48,56.14,56.37,58,58.17,58.64,59.11,59.47,59.16,59.72,59.02,59.34,59.27,58.46,59.49,58.9,58.35,58.1,59.46,59.56,59.44,58.89,58.49,59.29,60.17,60.59,59.34,61.1,61.48,62.99,62.8,62.5,62.98,64.15,64.09,63.59,63.65,62.78,64.39,62.32
HT.sws,top_p,REFINERY.HT-SWS.TOP_P.PV,Top pressure,bar,0,50,45,26.79,26.98,26.81,26.87,27.24,27.39,27.51,27.46,27.48,27.49,27.54,27.76,27.72,27.87,27.92,28.27,28.39,28.2,28.05,27.8,27.74,27.84,27.82,27.98,28.07,27.87,27.79,27.73,27.69,27.62,27.6,27.98,27.87,27.91,28.02,27.85,27.83,28.26,28.3,28.3,28.16,27.96,27.95,27.89,27.92,27.9,27.55,27.53,27.78,27.58,27.68,27.65,27.64,27.37,27.2,27.19,27.1,27.22,27.37,27.12
HT.sws,btm_t,REFINERY.HT-SWS.BTM_T.PV,Bottom temp,C,0,420,400,313.5,311.9,311.4,311.2,312.4,312.4,312.6,314.3,312.1,312.5,312,311.6,311.4,311.8,312.4,313.1,313.4,313.2,313.4,313.6,313.4,313.8,313.9,313.8,314.1,313.9,314.6,314.4,315.1,314.5,314.9,315.2,313.6,312.5,310.4,310,309.9,311,311.3,311.7,309.9,311.5,311.4,312.4,312,312.7,313.1,311.9,312.3,312.4,312.7,312,313.7,312.8,313,313.1,313.8,314.7,315.6,317.5
HT.sws,dp,REFINERY.HT-SWS.DP.PV,Differential pressure,kPa,0,80,60,34.34,34.31,34.67,35.05,35.2,34.94,34.54,34.49,34.5,34.24,34.87,34.92,34.79,34.11,33.87,34.4,34.36,34.81,35.22,35.05,34.67,35.02,35.31,35.43,35.49,35.29,35.11,35.83,35.53,35.5,35.71,36.43,36.49,36.48,35.93,35.57,35.66,35.8,36.02,35.69,35.61,35.65,35.16,35.06,35.32,34.98,34.09,33.88,33.83,33.85,33.68,33.6,33.32,32.75,32.58,33.02,32.46,31.66,32.2,32.17
HT.sws,reflux,REFINERY.HT-SWS.REFLUX.PV,Reflux flow,m3/h,0,300,,146.4,147.3,145.8,146.4,145.5,143.8,144.6,144.3,145.5,144.3,143.4,142.6,141.4,142.2,141.4,143.9,143.1,144.3,142.9,142.1,143.9,144.9,145.1,145.1,144.4,143.6,145.2,144.7,147.3,146.9,146.9,146.9,144.8,145.3,146.3,146.6,146.5,146.3,143.5,145.7,147.7,148.9,151.1,150.9,149.4,150.9,151.5,150.5,149.5,152.7,151,150.7,149.4,146.1,143.9,142.9,145,145.3,143.5,145
RF.reactors,top_p,REFINERY.RF-REACTORS.TOP_P.PV,Top pressure,bar,0,50,45,25.33,25.45,25.68,25.97,25.7,25.41,25.46,25.49,25.36,25.19,25.36,25.38,25.58,25.57,25.74,25.59,26.01,26.12,26.41,26.46,26.23,26.12,25.89,26.26,26.28,26.33,26.26,26.3,26.35,26.4,26.49,26.46,26.35,26.24,26.42,26.49,26.74,26.81,27.34,27.79,28.04,28.16,28.47,28.49,29.02,29.41,29.59,29.81,30.13,30.58,30.92,31.07,31.24,31.79,32.27,32.69,32.97,33.11,33.52,33.56
RF.reactors,btm_t,REFINERY.RF-REACTORS.BTM_T.PV,Bottom temp,C,0,420,400,322.5,322.5,323.4,323.7,322.3,321.4,322.7,324.2,324.5,325.5,326.2,327.6,326.9,327.2,326.9,327.4,328.2,327.8,326.7,325.6,325.7,324.8,325.6,327.4,326.8,326.4,324,324.5,325.6,324.7,324.8,324.7,324.1,322.3,321.7,321.1,320.3,318.7,318.9,318.5,317.8,317.7,319.3,319.3,319.5,319.7,319.4,318.9,318.8,317.7,317.3,317.2,317.4,317.2,316.5,316.8,318.5,317.7,316.4,316.6
RF.reactors,dp,REFINERY.RF-REACTORS.DP.PV,Differential pressure,kPa,0,80,60,35.59,35.97,35.98,35.99,36.21,36.9,37,37.25,37.8,37.08,36.62,36.46,36.2,36.67,36.5,36.25,36.01,36.17,36.35,36.2,35.54,35.93,35.95,35.95,35.81,35.46,35.25,34.6,34.49,34.01,34.33,34.59,34.36,34.87,34.95,34.89,35.14,34.85,35.03,35.15,35.12,34.57,34.99,35.26,35.82,35.87,35.86,36.01,36.68,36.97,36.28,36.44,36.5,36.33,35.73,35.99,36.31,36.19,35.87,35.91
RF.reactors,reflux,REFINERY.RF-REACTORS.REFLUX.PV,Reflux flow,m3/h,0,300,,135,134.9,134.9,134.6,135.9,138.2,138.5,138.5,140.1,141.3,138,139.2,138.9,140.2,136.3,135.7,136.9,135,132.4,130.8,131.4,132.8,133.3,132.5,131.2,129.6,129.5,129.5,131.8,132.7,133.3,133.7,131.7,132.3,129.9,129.5,127.4,127.2,128.2,126.5,127.5,126.5,126.2,126.6,125.9,126.8,125.5,125.1,127.3,127.3,127,128.5,126.4,125.7,125.4,124.8,124.7,125.4,125.9,124.8
RF.regen,top_p,REFINERY.RF-REGEN.TOP_P.PV,Top pressure,bar,0,50,45,25.92,25.98,25.88,25.86,25.68,25.74,25.73,25.99,25.93,25.89,25.98,26.24,26.14,26.1,26.22,26.13,26.09,26.02,25.77,25.44,25.76,25.93,25.79,25.76,25.7,25.51,25.29,25.21,25.07,25.12,25.21,25.34,25.49,25.41,25.38,25.47,25.47,25.5,26.09,26.5,26.72,27.35,27.62,27.82,28.12,28.39,28.9,29.33,29.66,29.94,30.21,30.62,30.85,31.09,31.24,31.72,32.02,32.3,32.73,32.86
RF.regen,btm_t,REFINERY.RF-REGEN.BTM_T.PV,Bottom temp,C,0,420,400,317.7,318.2,318.7,318.8,319,320.1,320.8,321.6,321.6,322.5,322.8,323.3,322.1,319.7,317.5,317.9,318.6,319.3,319.1,319.8,319.6,318.9,318.3,318.6,317.7,318.5,318.7,319.7,319.3,319.1,320.1,319.7,321,321.5,322.3,322.5,323.1,323.1,323.8,322.9,320.9,320.1,322,322.2,320.6,321.6,320.8,321.2,320.2,319.7,319.4,320.3,320.2,320.6,321.5,322.1,321.4,322.3,321.6,321.7
RF.regen,dp,REFINERY.RF-REGEN.DP.PV,Differential pressure,kPa,0,80,60,35.3,35.2,35.36,34.92,35.07,35.17,35.4,35.2,35.18,34.8,35.15,35.43,35.86,35.9,36.39,36.18,36.02,36.27,36.41,36.35,36.17,36.07,36.2,36.27,36.03,36.4,37.63,38.24,37.91,39.08,38.9,38.88,39.49,39.79,39.29,39.54,39.9,40.57,41.09,41.75,42.1,42.2,41.83,41.5,41.27,41.23,41,40.98,40.75,40.17,39.95,39.56,39.49,39.07,38.86,38.65,38.02,37.61,37.76,37.19
RF.regen,reflux,REFINERY.RF-REGEN.REFLUX.PV,Reflux flow,m3/h,0,300,,139.2,135.5,136,135.7,134.4,135.3,134.8,134.3,133.4,132.9,135.8,136.7,136.5,138.6,136.4,136.2,138.7,134.9,134.8,133.3,137.2,137.4,138.2,138.5,141,143.5,143.5,143.5,146.5,141.7,144.1,142.7,142.7,142.9,143.8,143.3,145.5,144.9,143.4,143.5,143.7,142.4,143.2,141,139.2,140.7,141.6,142,141.8,142.8,139.4,137.8,138.3,136.5,136.6,135.6,134.7,136.4,135,135.1
RF.furnaces,out_t,REFINERY.RF-FURNACES.OUT_T.PV,Outlet temp,C,100,480,450,372.3,372.7,372.3,371.2,372,371,368.3,366.4,365.4,365.1,366.6,365.1,364,362.2,361.7,361.3,361.8,361.6,361.1,360.7,359.7,361.1,360.1,359.2,359.4,359.6,361,360.7,361.8,360.3,361.6,361,360.7,361.8,362.5,361.1,359,359.8,359.9,358.7,359.6,357.8,358.9,360.9,361.4,360.9,359.2,359.4,358.6,359.5,358.3,358.7,359.7,358.7,358.5,356.7,356.3,356.4,355.3,354.2
RF.furnaces,fuel,REFINERY.RF-FURNACES.FUEL.PV,Fuel gas,MMBtu/h,0,200,,115.6,116.3,116.9,116.1,115.5,116.8,118,117.5,117,116.3,117.2,116.2,116.2,116.9,116.8,117,117.2,117.3,118.3,117.1,118.1,118.2,117.9,117,118.1,116.7,117,117.7,118,118.2,118.4,119.7,120.8,121.5,121.6,122.5,121.8,122.7,123,123.2,123,122.8,124,123,122,123.1,123,124.1,125.2,125.8,126.4,124.9,125.9,126.1,124.6,124.3,124.7,125.4,126.3,125.7
RF.furnaces,stack_t,REFINERY.RF-FURNACES.STACK_T.PV,Stack temp,C,100,500,420,296.7,297.2,297.6,297.8,296.7,297.2,298,299.4,300.5,298.8,299,299.7,298.5,300,299.9,299.6,299.4,298.2,298.1,299.1,298.9,297.4,299.6,300.3,300.9,302.1,303.1,303.8,302.6,302.5,302.8,303.2,304,305.4,304.6,304.5,304.1,302.9,303.2,303.7,302.8,303.3,302.4,301.3,301.5,302.4,302,303,302,302.9,303.7,303.2,303.5,302.9,303.3,304.9,303.3,304.5,305.1,305.5
RF.furnaces,o2,REFINERY.RF-FURNACES.O2.PV,Excess O2,%,0,8,6,2.358,2.471,2.508,2.351,2.415,2.391,2.48,2.441,2.493,2.46,2.529,2.524,2.549,2.54,2.486,2.637,2.599,2.567,2.498,2.455,2.456,2.399,2.365,2.418,2.436,2.375,2.379,2.411,2.416,2.377,2.416,2.469,2.463,2.456,2.477,2.535,2.581,2.633,2.702,2.697,2.723,2.783,2.852,2.885,2.914,2.859,2.937,2.958,3.047,2.949,2.979,2.892,2.884,2.889,2.899,2.959,2.927,2.903,2.928,2.822
RF.stab,top_p,REFINERY.RF-STAB.TOP_P.PV,Top pressure,bar,0,50,45,26.29,26.23,26.36,26.67,26.67,26.7,26.74,26.51,26.43,26.2,26.16,26.01,26.18,26.13,25.87,25.9,25.79,25.79,26.1,26.21,26.04,26.33,26.46,26.51,26.42,26.41,26.64,26.66,26.77,27,27.06,27.1,27.1,27.22,27.24,27.3,27.25,27.02,26.96,27.04,27.26,26.91,26.77,26.84,26.98,27.05,27.22,27.43,27.58,26.91,26.83,26.77,26.78,26.68,26.59,26.66,26.58,26.73,26.7,26.68
RF.stab,btm_t,REFINERY.RF-STAB.BTM_T.PV,Bottom temp,C,0,420,400,318.6,319.9,321.4,321.3,321.8,321.2,320.1,319.7,319.1,319,319.4,319.2,317.5,317.3,318,318.5,317.4,317.2,314.8,315.8,316.3,317.2,317.6,318.4,317.8,318.8,317.6,317.5,317.2,318,317.9,318,318.4,319.3,318.5,319.7,318.9,319.5,320,320.7,320.4,319.2,319.2,320,320.7,320.9,320.1,321,321.4,320.8,321.1,319.9,319.5,319.2,318.3,316.8,317.5,317.5,317.4,317.3
RF.stab,dp,REFINERY.RF-STAB.DP.PV,Differential pressure,kPa,0,80,60,35.05,35.45,35.34,34.76,34.37,34.59,34.88,35.12,35.09,36.1,36.83,36.74,36.99,36.23,36.67,37.1,36.32,36.08,36.45,35.83,35.39,34.94,34.42,34.59,34.23,34.47,33.68,33.42,32.71,33.12,33.06,33.14,33.73,33.99,34.15,34.25,33.91,34.36,34.06,34.31,34.89,35.37,35.97,35.36,35.64,35.92,36.53,36.08,35.97,36.3,35.41,35.04,35.14,35.91,35.73,35.79,35.35,35.38,35.52,35.83
RF.stab,reflux,REFINERY.RF-STAB.REFLUX.PV,Reflux flow,m3/h,0,300,,146.1,145.2,145.7,145.5,147.6,148.5,146.4,144.4,143.1,142.3,140.6,140,142,142.6,142.4,142.2,143,141.8,140.6,142.9,143.3,144.1,143.1,144.8,144,141.4,142.1,140.7,141.2,140.6,140.3,142,141.1,140.7,141.4,140.8,141.2,142.3,143.9,145.5,145.6,142.7,141.5,141,139.1,140.2,139.9,141.6,144,143.8,144.9,145.6,141.9,141.8,141.4,140.1,137.1,138.6,139.4,141.8
RF.isom,top_p,REFINERY.RF-ISOM.TOP_P.PV,Top pressure,bar,0,50,45,24.9,25.23,25.26,25.09,25.43,25.29,25.16,25.05,25.16,24.94,25.03,25.44,25.21,25.54,25.75,25.76,25.63,25.61,25.57,25.5,25.2,25.15,24.98,24.97,24.92,25.02,24.59,24.68,24.98,25.05,25.03,25.1,25.02,24.88,25.05,25.25,25.58,25.61,25.65,25.73,25.74,25.67,25.69,25.6,25.28,25.03,24.62,24.42,24.34,24.25,24.54,24.44,24.62,24.66,24.31,24.16,24.6,24.72,24.27,24.52
RF.isom,btm_t,REFINERY.RF-ISOM.BTM_T.PV,Bottom temp,C,0,420,400,315.2,315,313.2,314.5,314.8,314.1,314.1,315.1,315.2,316.9,317.8,317.2,318.1,318.5,318.5,317,317.7,318,317.2,317.6,317.2,317.7,318.7,319.2,319,319.4,319.7,321.1,321.1,321.7,321.2,321.1,321.3,320.6,320.3,320.3,321.4,321.4,321,321.7,321.7,320.7,319.3,320,320.5,320.6,320,320.1,319.2,318.9,318.8,318.6,320.2,319.8,318.7,319,319.4,318.6,318.3,317
RF.isom,dp,REFINERY.RF-ISOM.DP.PV,Differential pressure,kPa,0,80,60,35.88,35.76,35.97,36.07,35.61,35.37,35.68,35.67,36.01,35.67,35.88,35.98,36.47,36.54,36.32,36.69,36.92,37.09,36.57,35.84,35.79,35.86,35.55,35.09,34.92,34.43,33.22,32.89,33.18,33.41,32.92,32.79,32.53,32.19,31.28,31.4,31.3,30.95,30.05,29.97,29.63,29.63,29.73,29.75,29.51,29.43,28.9,28.68,28.35,28.75,28.87,28.74,28.35,28.82,29.4,29.95,30.32,30.56,29.77,29.86
RF.isom,reflux,REFINERY.RF-ISOM.REFLUX.PV,Reflux flow,m3/h,0,300,,147.6,148.6,148.3,148.9,148.5,150.7,150.8,149,147.3,146.3,143.9,146.4,146.2,145.8,146,145.9,146.3,144.4,144.9,143.3,142.7,141.4,140.7,141.5,142.6,143.2,142.9,142.2,144.3,142.2,139,140.6,139.1,140.5,141.1,142.9,141.1,141,139.9,141.2,139.1,138.3,138.6,136.8,134.5,133.8,137.6,137.7,137.3,136.4,137.4,135,135.3,134.8,135.3,133.6,133.6,135.3,134.3,135.6
RF.alky,temp,REFINERY.RF-ALKY.TEMP.PV,Temperature,C,0,120,100,44.97,45.44,45.44,45.58,45.92,45.86,45.95,46.26,46.15,46.61,47.15,47.04,47.65,48.34,48.33,48.25,48.21,48.71,48.36,48.61,48.24,48.44,47.93,47.57,47.41,47.47,48.27,47.78,48.23,48.57,48.62,48.51,48.57,48.48,48.65,49.15,49,49.4,50.16,51.18,52.11,52.77,53.47,54.14,54.26,55.48,55.67,56.03,56.26,57.2,57.51,57.75,58.32,58.84,59.43,60.4,60.87,61.43,62.15,62.82
RF.alky,vib,REFINERY.RF-ALKY.VIB.PV,Vibration,mm/s,0,12,7.1,2.776,3.034,2.944,2.748,2.722,2.646,2.781,2.712,2.733,2.572,2.908,2.668,2.949,3.01,3.016,2.752,2.697,2.817,2.783,2.608,2.717,2.627,2.812,2.762,2.711,2.656,2.505,2.645,2.541,2.631,2.947,3.189,3.285,3.371,3.333,3.356,3.499,3.484,3.802,3.671,3.671,3.553,3.463,3.399,3.334,3.341,3.077,2.88,2.972,2.824,2.947,2.735,2.679,2.723,2.66,2.714,2.609,2.595,2.492,2.345
RF.alky,load,REFINERY.RF-ALKY.LOAD.PV,Load,%,0,100,95,59.82,59.4,59.32,59.35,59.37,59.19,59.33,57.52,57.27,57.14,57.94,58.47,57.34,56.13,55.04,55.64,54.87,54.86,54.46,55.37,56.33,55.98,56.76,57.12,56.5,57,56.8,55.72,54.65,55.15,55.7,56.23,56.48,56.17,55.98,57.26,55.98,56.61,57.03,57.09,58.14,57.91,56.91,56.82,55.91,57,57.28,57.13,56.57,55.99,55.87,56.36,55.99,56.25,55.55,54.86,54.83,54.93,55.17,55.04
BL.gasoline,level,REFINERY.BL-GASOLINE.LEVEL.PV,Level,%,0,100,90,62.58,62.25,62.18,61.97,62.07,61.86,61.53,61.33,61.37,61.37,61.27,61.32,61.2,60.8,60.56,60.25,60.52,60.64,60.73,60.56,60.7,60.97,61.03,61.01,60.81,60.64,60.24,60.02,60.27,60.14,60.02,60.04,60.06,59.58,59.66,59.99,60.04,59.71,59.47,59.37,59.04,59.24,59.2,59.39,59.28,59.24,58.92,59.14,59.35,59.29,59.6,59.83,59.88,59.76,59.74,59.8,60.17,60.43,60.06,60.79
BL.gasoline,temp,REFINERY.BL-GASOLINE.TEMP.PV,Temperature,C,-170,80,,24.39,24.38,24.33,24.28,24.28,24.39,24.33,24.16,24.13,24.34,24.21,24.14,24.18,24.21,24.26,24.37,24.35,24.42,24.22,24.02,23.84,23.89,23.84,23.7,23.81,23.58,23.47,23.42,23.59,23.45,23.44,23.29,23.39,23.53,23.6,23.5,23.3,23.34,23.13,23.23,23.13,23.16,23.01,23.03,23.05,22.99,22.99,22.98,22.87,22.69,22.64,22.79,22.8,22.95,22.8,22.71,22.79,22.83,22.76,22.75
BL.gasoline,press,REFINERY.BL-GASOLINE.PRESS.PV,Pressure,kPa,-2,30,25,8.804,8.904,8.804,8.755,8.627,8.683,8.553,8.61,8.461,8.558,8.493,8.326,8.49,8.35,8.315,8.489,8.254,8.296,8.506,8.413,8.379,8.408,8.341,8.418,8.56,8.609,8.67,8.691,8.78,8.682,8.806,9.024,8.846,9.062,8.988,9.13,9.386,9.51,9.642,9.806,9.72,9.599,9.425,9.49,9.322,9.251,9.062,8.98,9.31,9.619,9.554,9.33,9.223,9.203,9.253,9.316,9.06,8.993,8.912,8.663
BL.gasoline.t1,level,REFINERY.BL-GASOLINE-T1.LEVEL.PV,Level,%,0,100,90,61.86,61.69,61.72,61.69,61.69,61.54,61.58,61.6,61.26,61.02,60.63,60.93,61.05,61.02,60.31,60.69,60.77,60.78,60.7,60.8,60.9,60.79,60.68,60.67,60.65,60.61,60.63,60.63,60.69,61.03,60.92,61.04,60.89,60.81,60.94,61.14,60.92,61.1,61.16,61.35,61.57,61.94,61.96,62.12,62.14,62.33,62.5,62.22,62.06,62.09,62.49,62.32,62.35,62.58,62.96,63.16,63.21,63.35,63.65,63.75
BL.gasoline.t1,temp,REFINERY.BL-GASOLINE-T1.TEMP.PV,Temperature,C,-170,80,,24.62,24.58,24.56,24.59,24.52,24.69,24.52,24.53,24.6,24.6,24.63,24.56,24.38,24.29,24.18,24.42,24.44,24.51,24.6,24.75,24.99,25.06,25.03,24.85,24.85,24.79,24.83,24.89,25.07,25.15,25.12,25.15,25.24,25.25,25.35,25.32,25.37,25.29,25.22,24.96,24.85,24.91,24.92,24.97,24.76,24.79,24.79,24.71,24.64,24.73,24.76,24.63,24.79,24.88,24.7,24.7,24.64,24.77,24.9,24.94
BL.gasoline.t1,press,REFINERY.BL-GASOLINE-T1.PRESS.PV,Pressure,kPa,-2,30,25,7.89,8.019,7.857,7.815,7.958,8.003,8.245,8.185,8.367,8.373,8.445,8.604,8.683,8.641,8.803,8.824,8.797,8.769,8.908,9.08,9.193,9.234,9.131,9.137,9.073,9.063,9.009,9.049,8.898,9.232,9.479,9.257,9.469,9.57,9.66,9.645,9.757,9.688,9.762,9.815,9.975,10.14,10.13,10.17,9.871,9.959,10.05,10.14,10.25,10.34,10.42,10.53,10.62,10.53,10.72,10.69,10.73,10.59,10.69,10.77
BL.gasoline.t2,level,REFINERY.BL-GASOLINE-T2.LEVEL.PV,Level,%,0,100,90,62.83,62.88,62.98,63.03,63.2,63.24,63.02,62.93,62.72,62.81,62.9,62.47,62.82,62.76,62.21,62.48,62.52,62.42,62,61.34,61.35,61.66,61.37,61.88,61.82,61.7,61.65,61.43,61.65,61.26,61.13,61.29,61.73,62.11,61.86,61.45,61.01,61.15,61.51,61.98,62.31,62.8,62.94,63.27,63.38,64.1,64.38,65,65.53,66.25,66.84,67.3,67.42,67.67,67.92,67.98,67.94,67.98,68.69,68.93
BL.gasoline.t2,temp,REFINERY.BL-GASOLINE-T2.TEMP.PV,Temperature,C,-170,80,,23.8,23.9,23.89,23.94,24.07,24.19,24.26,24.18,24.16,24.16,24.11,24.09,23.96,23.97,24.05,24.1,24.17,24.23,24.21,24.27,24.22,24.23,24.19,24.35,24.28,24.13,24.2,24.3,24.35,24.44,24.48,24.46,24.4,24.31,24.44,24.42,24.45,24.18,24.12,24.08,24.19,24.19,24.16,24.1,24.06,23.88,23.89,23.92,23.85,23.85,23.94,24.1,24.24,24.29,24.3,24.42,24.27,24.17,23.93,23.92
BL.gasoline.t2,press,REFINERY.BL-GASOLINE-T2.PRESS.PV,Pressure,kPa,-2,30,25,8.061,8.063,8.215,8.134,8.278,8.217,8.357,8.33,8.508,8.533,8.291,7.832,7.956,7.951,8.172,7.908,8.069,8.085,7.915,7.933,7.83,7.752,7.784,7.897,7.694,7.605,7.558,7.547,7.774,7.832,8.149,7.986,8.102,8.16,7.968,7.904,7.993,8.032,7.906,7.874,7.793,7.933,7.881,7.894,7.936,7.972,7.988,8.435,8.516,8.487,8.515,8.425,8.502,8.439,8.23,8.054,8.062,8.14,8.019,8.073
BL.gasoline.t3,level,REFINERY.BL-GASOLINE-T3.LEVEL.PV,Level,%,0,100,90,61.9,61.81,61.89,61.81,61.88,62.18,62.1,62.35,62.2,62.49,62.54,62.24,62.27,61.9,61.65,61.96,62.06,61.93,62.18,62.29,62.67,62.83,62.67,62.86,63.03,63.13,62.97,62.95,63.24,63.09,63.6,63.84,64.02,63.88,63.89,63.92,63.69,63.5,63.25,63.09,63.6,63.58,63.64,63.31,63.38,63.11,62.99,62.84,62.56,62.52,62.87,63.28,62.97,63.03,62.83,63.01,63.24,63.01,63.04,63.17
BL.gasoline.t3,temp,REFINERY.BL-GASOLINE-T3.TEMP.PV,Temperature,C,-170,80,,23.61,23.5,23.54,23.62,23.62,23.67,23.81,23.96,23.75,23.66,23.6,23.75,23.61,23.62,23.81,23.9,23.93,24,24.14,24.12,24.22,24.21,24.15,24.09,24.1,24.24,24.28,24.19,24.14,24.23,24.25,24.09,24.16,24.23,24.4,24.47,24.52,24.54,24.68,24.88,24.71,24.76,24.69,24.76,24.89,25.02,25.17,25.34,25.24,25.17,25.15,25.26,25.16,25.13,25.24,25.24,25.23,25.19,25.16,25.07
BL.gasoline.t3,press,REFINERY.BL-GASOLINE-T3.PRESS.PV,Pressure,kPa,-2,30,25,7.336,7.418,7.3,7.439,7.657,8.035,7.991,8.274,8.047,8.267,8.078,8.117,8.185,8.198,8.381,8.261,8.198,8.09,8.046,8.014,8.212,8.317,8.213,8.345,8.212,8.29,8.177,8.095,7.975,7.781,7.97,7.782,7.695,7.781,7.552,7.236,6.964,7.181,7.302,7.253,7.35,7.329,7.403,7.485,7.488,7.404,7.562,7.6,7.373,7.429,7.353,7.101,6.846,6.863,6.594,6.503,6.072,6.242,6.242,6.176
BL.diesel,level,REFINERY.BL-DIESEL.LEVEL.PV,Level,%,0,100,90,62.68,62.68,62.88,62.9,62.6,62.53,62.57,62.76,62.75,62.88,63.22,63.48,63.34,63.47,63.25,63.17,62.92,62.73,62.64,62.5,62.6,63.08,63.03,62.84,62.6,62.41,62.53,62.37,62.55,62.86,63.06,63.14,63.25,63.19,63.14,63.1,63.19,63.11,62.92,63.01,62.77,62.63,62.42,62.15,61.88,61.57,61.48,61.32,61.28,61.37,61.38,61.01,60.98,61.3,61.26,61.18,61.41,61.35,61.22,61.15
BL.diesel,temp,REFINERY.BL-DIESEL.TEMP.PV,Temperature,C,-170,80,,24.08,23.9,23.91,24.04,23.96,24.02,24.1,24.1,24.06,24.29,24.48,24.51,24.56,24.6,24.68,24.71,24.65,24.49,24.48,24.6,24.72,24.62,24.64,24.55,24.42,24.49,24.34,24.28,24.29,24.42,24.57,24.46,24.64,24.61,24.56,24.48,24.5,24.59,24.67,24.74,24.75,24.82,25.03,25.28,25.18,25.16,25.16,25.13,25.1,25.05,24.99,25.2,25.15,25.04,25.08,25,24.96,24.94,24.97,25
BL.diesel,press,REFINERY.BL-DIESEL.PRESS.PV,Pressure,kPa,-2,30,25,7.992,8.045,7.98,7.853,7.738,7.708,7.772,7.729,7.915,8.037,8.03,8.11,8.276,8.224,8.245,8.367,8.472,8.342,8.536,8.627,8.617,8.737,8.758,8.54,8.52,8.76,8.932,8.997,8.825,8.838,8.791,8.823,8.597,8.468,8.468,8.44,8.577,8.696,8.736,8.931,8.725,8.735,8.501,8.696,8.734,8.915,8.972,9.132,9.189,9.325,9.26,9.419,9.339,9.405,9.378,9.365,9.435,9.524,9.479,9.545
BL.diesel.t1,level,REFINERY.BL-DIESEL-T1.LEVEL.PV,Level,%,0,100,90,63.17,63.72,63.55,63.71,64.11,64.03,63.96,64.14,64.39,64.45,64.57,64.71,64.85,64.75,64.86,64.94,65.13,65.26,65.48,65.84,65.88,65.89,65.96,65.85,65.84,65.9,65.84,65.97,65.94,65.82,65.82,66.32,66.28,66.35,66.54,66.46,66.43,66.51,66.47,66.53,66.5,66.86,66.84,67.07,66.73,66.48,66.15,65.91,65.76,65.88,66.01,66.06,66.04,66.19,65.81,65.46,65.51,65.61,65.79,65.9
BL.diesel.t1,temp,REFINERY.BL-DIESEL-T1.TEMP.PV,Temperature,C,-170,80,,23.44,23.33,23.36,23.27,23.3,23.3,23.25,23.36,23.24,23.12,23.03,22.92,23.04,22.9,23.01,22.97,22.94,23.1,23.29,23.38,23.28,23.35,23.02,23.23,23.27,23.3,23.27,23.07,23.07,23.08,23.17,23.21,23.24,23.11,23.14,23.04,23.06,22.87,22.75,22.71,22.7,22.64,22.54,22.64,22.64,22.55,22.5,22.45,22.57,22.58,22.52,22.45,22.43,22.5,22.57,22.72,22.68,22.61,22.41,22.32
BL.diesel.t1,press,REFINERY.BL-DIESEL-T1.PRESS.PV,Pressure,kPa,-2,30,25,8.322,8.472,8.629,8.677,8.486,8.476,8.414,8.331,8.421,8.44,8.217,8.341,8.503,8.523,8.742,8.636,8.615,8.353,8.177,8.072,7.93,8.157,7.795,8.027,8.11,8.086,7.926,8.129,8.139,8.14,8.321,8.559,8.563,8.461,8.503,8.302,8.304,8.371,8.448,8.495,8.676,8.73,8.47,8.461,8.507,8.772,8.7,8.664,8.66,8.59,8.665,8.402,8.519,8.18,8.228,8.742,8.787,8.651,8.814,8.73
BL.diesel.t2,level,REFINERY.BL-DIESEL-T2.LEVEL.PV,Level,%,0,100,90,62.64,62.62,62.61,62.46,62.61,63.16,63.29,63.29,63.08,63.01,63.09,63.19,63.18,63.08,63.13,63.35,63.76,63.98,63.61,63.63,63.53,63.4,63.38,63.37,63.5,63.86,63.69,63.83,63.65,63.15,63.32,63.21,62.69,62.76,62.89,62.96,63.06,63.1,62.8,63.01,62.79,62.47,62.39,62.17,62.27,62.5,62.5,62.72,62.29,62.33,61.87,61.61,61.35,61.65,61.59,62.08,61.62,61.44,61.74,61.79
BL.diesel.t2,temp,REFINERY.BL-DIESEL-T2.TEMP.PV,Temperature,C,-170,80,,23.34,23.46,23.4,23.38,23.3,23.28,23.31,23.37,23.42,23.4,23.5,23.65,23.49,23.6,23.59,23.56,23.55,23.52,23.43,23.43,23.52,23.59,23.53,23.52,23.43,23.22,23.26,23.31,23.24,23.25,23.41,23.31,23.3,23.11,23.22,23.15,23.09,23.12,23.12,23.11,23.3,23.41,23.59,23.54,23.5,23.59,23.38,23.48,23.37,23.38,23.21,23.3,23.12,23.24,23.21,23.12,23.2,23.01,22.81,22.81
BL.diesel.t2,press,REFINERY.BL-DIESEL-T2.PRESS.PV,Pressure,kPa,-2,30,25,7.344,7.291,6.962,6.943,6.954,7.098,6.98,7.016,7.149,7.032,6.956,7.086,7.439,7.345,7.53,7.622,7.512,7.629,7.6,7.597,7.655,7.427,7.135,7.03,6.857,6.824,6.998,6.994,6.937,6.904,6.976,7.027,7.192,7.314,7.427,7.657,7.513,7.702,7.638,7.708,7.712,7.535,7.641,7.687,7.472,7.603,7.713,7.71,7.785,7.745,7.653,7.51,7.192,7.164,7.023,7.051,6.859,6.767,6.76,6.458
BL.diesel.t3,level,REFINERY.BL-DIESEL-T3.LEVEL.PV,Level,%,0,100,90,62.55,62.44,62.73,62.21,62.48,62.2,62.14,62.47,62.61,62.66,62.92,62.92,62.92,62.91,62.77,62.71,62.59,62.86,62.67,62.55,62.98,63.02,63.25,63.81,63.6,63.92,64.08,64.03,64.09,64.12,64.44,64.78,65.1,65.25,65.14,64.97,65.34,64.9,65.2,64.99,65.02,65.1,65.37,65.68,65.84,66.01,66.13,66.39,66.1,66.04,66.07,66.13,65.88,65.41,65.41,65.69,65.54,65.68,65.74,65.38
BL.diesel.t3,temp,REFINERY.BL-DIESEL-T3.TEMP.PV,Temperature,C,-170,80,,23.52,23.61,23.75,23.73,23.71,23.58,23.62,23.67,23.76,23.84,24.06,23.88,23.84,24.05,24.14,24.16,24.25,24.08,24.05,23.92,24.05,23.98,24.11,24.11,24.05,23.87,23.79,23.63,23.82,23.87,23.89,23.89,23.82,23.98,24.04,24.11,24.12,24.19,24.19,24.29,24.32,24.34,24.21,23.93,23.9,24.11,24.12,24.02,24.02,24.19,24.46,24.31,24.38,24.44,24.46,24.46,24.34,24.41,24.36,24.31
BL.diesel.t3,press,REFINERY.BL-DIESEL-T3.PRESS.PV,Pressure,kPa,-2,30,25,8.039,8.1,8.081,8.205,8.236,8.355,8.239,8.297,8.256,8.227,8.375,8.584,8.79,8.873,8.658,8.684,8.514,8.534,8.528,8.564,8.728,8.613,8.735,8.843,8.867,8.855,8.802,8.94,9.154,9.231,9.241,9.354,9.183,9.103,8.846,8.862,8.606,8.32,8.12,8.289,8.308,8.217,8.026,8.068,8.071,8.205,8.181,8.209,8.048,7.986,8.06,8.288,8.437,8.085,8.144,8.12,8.036,8.08,8.082,8.221
BL.jet,level,REFINERY.BL-JET.LEVEL.PV,Level,%,0,100,90,62.57,62.64,62.49,62.44,62.24,62.2,62.46,62.51,62.44,62.66,62.46,62.68,62.69,62.61,62.66,62.92,62.96,62.75,62.91,62.98,63.16,63.09,62.87,62.5,62.39,61.93,62.11,62.21,62.23,61.82,61.88,61.6,61.34,61.11,60.74,60.93,60.92,60.91,61.47,61.33,61.5,61.88,62.01,62.38,62.67,63,63.43,63.5,63.85,64.15,64.32,64.43,64.7,65.19,65.44,65.49,65.5,65.92,66.54,66.85
BL.jet,temp,REFINERY.BL-JET.TEMP.PV,Temperature,C,-170,80,,24.03,24.18,24.38,24.32,24.41,24.43,24.49,24.54,24.43,24.6,24.66,24.57,24.53,24.49,24.54,24.46,24.47,24.56,24.45,24.42,24.48,24.3,24.35,24.33,24.44,24.4,24.3,24.13,24.11,24.23,24.29,24.27,24.19,24.21,24.24,24.01,23.86,23.94,23.87,23.91,23.94,24.04,24.12,24.03,24.14,24.09,24.14,24.07,23.99,23.99,24.03,24.14,24.09,24.13,24.14,23.97,23.9,23.92,23.9,23.93
BL.jet,press,REFINERY.BL-JET.PRESS.PV,Pressure,kPa,-2,30,25,7.835,8.025,7.845,7.748,7.749,7.826,7.773,7.824,7.888,7.976,8.21,8.252,8.53,8.375,8.387,8.625,8.54,8.609,8.53,8.328,8.187,8.203,8.159,8.104,8.253,8.556,8.624,8.463,8.177,8.335,8.308,8.304,8.314,8.394,8.321,8.427,8.498,8.59,8.44,8.597,8.661,8.883,9.074,8.939,9.134,8.998,8.781,8.769,8.595,8.866,9.117,9.39,9.24,9.415,9.473,9.412,9.421,9.509,9.39,9.403
BL.blender,temp,REFINERY.BL-BLENDER.TEMP.PV,Temperature,C,0,120,100,48.11,47.74,47.71,47.28,47.62,47,47.39,47.21,47.01,47.04,46.8,46.39,46.13,45.89,45.97,46.08,46.33,46.29,45.83,45.83,45.82,45.31,44.96,44.83,44.18,44.16,44.62,45.23,45.62,45.22,44.94,45.17,45.06,44.84,44.98,45.45,45.69,45.69,45.99,46.47,46.91,47.1,48.09,47.71,48.01,48.08,48.17,47.79,47.38,47.25,47.07,47.27,47.3,47.04,47.64,47.77,47.27,46.93,47.08,47.74
BL.blender,vib,REFINERY.BL-BLENDER.VIB.PV,Vibration,mm/s,0,12,7.1,1.856,1.65,1.843,1.87,1.855,1.816,1.779,1.705,1.617,1.582,1.698,1.617,1.774,1.913,1.849,1.806,1.717,1.658,1.264,1.31,1.32,1.133,0.8957,0.9439,0.9916,0.8332,0.9335,0.9622,0.8093,0.7443,0.8607,0.859,0.7201,0.7158,0.61,0.4549,0.2984,0.3939,0.4865,0.4931,0.4296,0.1634,0,0,0,0.164,0.1833,0.1267,0.2175,0.5619,0.5195,0.5912,0.5252,0.4571,0.667,1.02,1.033,0.8571,0.7341,0.8791
BL.blender,load,REFINERY.BL-BLENDER.LOAD.PV,Load,%,0,100,95,62.02,62.83,62.45,61.27,62.1,62.01,62.18,61.34,62.85,63.44,62.58,62.97,63.84,64.32,64.5,65.98,65.57,65.64,65.4,65.69,66.16,65.97,65.89,65.81,65.56,66.16,66.31,66.28,67.51,67.57,67.74,67.59,68.01,67.92,68.53,68.17,68.02,68.09,68.33,68.8,68.28,67.51,67.57,68.06,68.59,68.74,68.47,69.14,68.83,69.65,69.18,69.24,70.45,70.85,71.31,70.75,70.38,70.84,71.12,70.39
BL.loading,flow,REFINERY.BL-LOADING.FLOW.PV,Flow,m3/h,0,800,720,326.6,326.9,326.2,325.5,327.1,329.2,329.9,332.7,325,322.4,324.6,321.7,319.1,320.1,318.5,317.5,317.4,316.6,313.5,312.4,315,311.9,308.5,307.5,305.8,303.8,302.3,302.1,304.2,306.7,305.1,305.3,302.7,301.3,301.5,301.5,301.2,302,298.9,302.6,302.4,299.4,297,298.4,298.5,299.1,297.9,299.5,296,296,295.6,295,296.3,293.2,292.5,292.3,291.2,290.6,289.9,290.7
BL.loading,press,REFINERY.BL-LOADING.PRESS.PV,Pressure,bar,0,120,100,63.07,63.36,63.18,63.25,63.34,63.98,64.43,64.67,65.06,65.79,66.12,65.99,66.37,66.53,66.18,66.12,65.96,65.69,65.14,64.99,65.57,65.34,64.68,65.05,65.29,64.68,64.48,64.65,64.71,64.05,63.81,63.6,63.74,63.55,63.89,64.28,64.27,65.05,65.15,65.28,65.13,65.4,65.72,65.42,65.66,65.53,65.41,65.52,66.12,65.55,65.52,65.92,65.53,65.73,66.43,66.82,66.57,66.45,66.28,66.27
BL.loading,temp,REFINERY.BL-LOADING.TEMP.PV,Temperature,C,-170,150,,39.67,39.7,39.65,39,38.85,39.07,39.06,39.47,40.14,39.53,39.97,40.11,40.13,40.44,40.51,40.75,40.59,40.37,39.91,39.96,40.33,40.01,39.76,39.2,39.62,39.11,38.56,37.65,37.93,37.8,37.71,37.46,37.6,37.83,37.42,37.18,37.28,37.03,37.33,36.87,36.68,36.38,36.93,36.91,36.94,37.25,37.09,36.99,36.89,36.8,37.33,37.71,37.82,37.79,37.72,37.47,37.86,37.6,37.24,37.15
BL.loading,wall,REFINERY.BL-LOADING.WALL.PV,Wall loss,%,0,30,20,6.409,6.396,6.398,6.408,6.412,6.397,6.392,6.389,6.399,6.394,6.383,6.387,6.386,6.379,6.383,6.376,6.385,6.373,6.365,6.374,6.371,6.374,6.366,6.356,6.337,6.327,6.336,6.345,6.356,6.355,6.354,6.346,6.352,6.349,6.343,6.341,6.336,6.334,6.35,6.355,6.357,6.355,6.358,6.355,6.354,6.349,6.33,6.33,6.336,6.341,6.338,6.333,6.325,6.331,6.33,6.331,6.332,6.329,6.321,6.317
BL.pipeline,flow,REFINERY.BL-PIPELINE.FLOW.PV,Flow,m3/h,0,400,360,242.6,240.5,240.2,237,236.9,233.9,229.3,230.3,232.8,231.6,232.3,236.6,236.8,236.6,241.7,243.3,242.1,242.4,244.6,243.2,243.5,243.2,237.8,237.5,235.8,234.7,231.9,233.3,233.1,235.2,232.5,228,227.6,226,226.2,227.3,226.6,227.6,229.3,226.4,229.2,230.7,229.3,228.4,227.8,226.4,229.1,232.4,233.5,239.9,240,239.8,243,243.4,238.9,239.6,243.3,240.3,240.3,240.1
BL.pipeline,disch_p,REFINERY.BL-PIPELINE.DISCH_P.PV,Discharge pressure,bar,0,60,52,38.37,38.5,37.54,36.79,36.83,36.39,36.3,36.51,36.73,36.29,36.81,37.19,37.13,36.96,36.92,37.46,37.88,37.07,37.14,36.73,36.73,36.49,36.41,36.16,36.5,36.63,36.89,37.03,37.17,37.08,37.26,38,37.53,37.6,37,36.85,36.61,36.12,36.04,36.13,36.38,36.39,37.06,37.37,37.76,38.05,37.68,37.9,37.58,37.6,37.91,37.83,38.45,38.18,37.19,36.62,36.21,36.45,36.72,36.53
BL.pipeline,vib,REFINERY.BL-PIPELINE.VIB.PV,Vibration,mm/s,0,12,7.1,3.347,3.408,3.501,3.4,3.702,4.165,4.08,4.218,4.328,4.512,4.767,4.679,4.788,4.79,4.427,4.423,4.392,4.39,4.51,4.492,4.463,4.17,4.26,4.112,4.225,4.411,4.542,4.209,4.158,3.894,3.801,3.728,3.678,3.769,3.743,3.775,3.88,4.121,3.95,4.231,4.122,3.687,3.767,3.757,3.845,4.106,4.118,4.442,4.349,4.159,3.828,3.95,3.673,3.731,3.905,3.991,4.047,4.125,4.255,4.261
BL.pipeline,brg_t,REFINERY.BL-PIPELINE.BRG_T.PV,Bearing temp,C,20,110,85,54.98,54.88,55.05,55.06,55.03,55.25,55.56,55.82,55.76,56.49,57.61,57.29,57.39,57.92,57.86,57.97,57.79,56.89,56.7,56.38,56.36,56.17,55.85,55.45,55.53,54.64,55.09,54.46,54.61,53.97,53.85,53.82,53.37,54.24,54.16,53.5,53.04,53.35,53.28,53.53,53.76,54.06,54.61,54.75,55.17,54.52,54.42,54.67,53.83,53.3,53.03,53.33,53.39,53.85,53.39,52.93,52.77,52.75,52.28,51.59
UT.boilers,out_t,REFINERY.UT-BOILERS.OUT_T.PV,Outlet temp,C,100,480,450,364.3,363.8,365,367.2,367,366.1,366.8,368.4,368.9,369.1,369.7,369.1,369,369.1,369,370,369.8,368.9,368.7,369.6,370.3,368.2,368.6,369.6,369.5,370,369.6,369,368.4,368.4,369.1,368.6,367.3,366.8,367.5,369.6,367.4,368.6,368.2,367.4,368.7,368.2,368.1,366.4,366.2,365.9,364.3,363.6,363.6,363.4,362.2,361.7,363.3,361.9,361.7,361.9,362.2,362.7,361.8,360
UT.boilers,fuel,REFINERY.UT-BOILERS.FUEL.PV,Fuel gas,MMBtu/h,0,200,,114.9,114.7,114.8,115,115.4,116.2,114.6,114.3,114.9,114.4,116.2,116.1,116.5,118.4,118.6,119.9,119.4,119.7,119.8,118.8,119.2,119.4,119,118.7,116.9,117.2,116.9,116.1,116.5,116.1,115.7,114.7,114.2,113.6,112.7,111.9,112.7,112.4,112.1,112.8,113.3,113.8,113.6,114.1,114.8,113.6,114.2,113.6,113.3,114.2,114.2,114.4,114.1,114.3,115.4,113.5,112.7,111.7,112,113.3
UT.boilers,stack_t,REFINERY.UT-BOILERS.STACK_T.PV,Stack temp,C,100,500,420,292.5,293.7,295.7,296,295.3,295.5,294.3,295,295.6,297,297.4,298.7,298.2,299.2,299.8,302,303.1,302.5,303.1,302.8,301,302.1,301.9,301.4,301,299.2,298,298.6,298.3,298.4,298.2,299.4,299.4,300.2,303.2,303,302.2,301.8,301.8,302.7,303.3,302.7,302.7,303.5,302.4,302.7,303.3,303.2,303.7,304.7,305.7,305.2,306.3,307.9,306,307.7,310.9,311.3,310.6,308.6
UT.boilers,o2,REFINERY.UT-BOILERS.O2.PV,Excess O2,%,0,8,6,2.494,2.524,2.48,2.553,2.555,2.551,2.584,2.533,2.54,2.573,2.577,2.67,2.737,2.75,2.702,2.696,2.65,2.663,2.775,2.822,2.832,2.919,2.921,2.876,2.934,2.957,2.961,2.93,2.905,2.88,2.911,2.943,2.926,2.977,2.982,2.961,2.835,2.812,2.862,2.85,2.932,2.903,2.942,2.94,2.932,2.911,2.865,2.928,2.952,3.033,2.997,2.963,2.94,2.955,3.085,3.056,3.013,3.013,2.955,2.85
UT.cogen,out_t,REFINERY.UT-COGEN.OUT_T.PV,Outlet temp,C,100,480,450,376.4,375.1,374.9,375.2,376.3,375.3,374.7,375.4,375.1,374,372.5,372.7,372.5,372.7,373.3,373.9,373.5,373.8,371.4,371.6,371.2,370.7,370.1,369.7,369.5,368.8,369.2,370,369.1,368.2,368.5,366.8,367.9,367.6,367.5,367.4,366.8,366.8,367.1,366.2,367.1,367.4,368.8,368.6,367.5,367.8,367.6,366.8,366.7,366.1,365.4,364.7,365.4,363.3,362.8,361.3,360.9,360.8,362.4,362.6
UT.cogen,fuel,REFINERY.UT-COGEN.FUEL.PV,Fuel gas,MMBtu/h,0,200,,115.8,114.3,113.6,113,112,112.3,112.4,112.4,114,114.3,114.7,115.3,115.4,115.6,115.2,117.2,117.3,119.2,120.3,120.4,119,119.3,119.2,119.2,118.5,118.3,118.9,120.2,120.7,120.3,118.9,118.5,118,117.8,119.1,118.9,117.3,117.2,117.6,116.5,117.2,116.9,115.9,116.4,116.5,115.6,115.7,114.4,115,115.5,114.3,114.8,115.1,117,117.5,118.3,118.1,118.6,119.1,118.5
UT.cogen,stack_t,REFINERY.UT-COGEN.STACK_T.PV,Stack temp,C,100,500,420,293.1,294.6,295.4,295.6,296.7,297.2,296.3,295.2,294.6,292.9,294.5,294.2,294.5,293.6,293.7,292.8,294,293,292.8,294,295,293.6,294.1,293.8,292.4,293.6,293.4,293,293.8,294.3,293.9,294.5,292.4,292.4,293.4,293.4,292.9,292.3,291.6,290.9,291.1,292.9,294,292.6,293,292.5,292.2,294.1,294.8,293.8,294.6,293.2,293.6,293.8,293.9,294.7,294.1,294.8,295.4,295.4
UT.cogen,o2,REFINERY.UT-COGEN.O2.PV,Excess O2,%,0,8,6,2.157,2.084,2.108,2.139,2.212,2.267,2.175,2.226,2.225,2.265,2.354,2.308,2.302,2.237,2.258,2.271,2.28,2.262,2.265,2.295,2.399,2.418,2.43,2.33,2.305,2.25,2.28,2.318,2.311,2.279,2.151,2.011,1.921,1.893,1.867,1.946,1.927,1.897,1.861,1.786,1.771,1.837,1.853,1.848,1.849,1.846,1.805,1.789,1.756,1.661,1.663,1.646,1.509,1.462,1.441,1.447,1.35,1.427,1.474,1.422
UT.cooling,in_t,REFINERY.UT-COOLING.IN_T.PV,Inlet temp,C,-170,300,,87.77,88.18,88.38,88.19,88.45,88.86,88.82,89.45,88.8,88.09,87.98,88.99,89.67,89.42,90.13,91.36,90.98,90.85,90.59,91.22,90.06,90.54,90.2,90.81,90.75,90.9,90.55,91.2,91.6,91.95,91.67,90.89,91.8,92.06,90.76,90.37,90.89,90.59,90.52,90.27,90.35,89.33,89.22,89.67,89.79,90.12,90.47,90.74,90.37,89.56,88.44,89.45,89.33,89.53,88.64,88.25,87.65,88.35,87.81,87.56
UT.cooling,out_t,REFINERY.UT-COOLING.OUT_T.PV,Outlet temp,C,-170,300,,48.57,48.27,48.7,49.15,48.87,48.84,48.75,48.28,48.36,48,48.08,48.26,48.4,48.52,47.68,47.54,47.56,48.08,48.22,47.64,47.66,47.57,48.03,48.71,48.96,48.31,48.4,49.47,49.7,50.14,50.03,49.65,49.85,50.66,50.55,50.6,50.24,49.93,49.69,49.5,49.74,49.32,50.02,50.39,50.94,50.84,51.14,51.28,50.9,50.85,50.92,50.8,50.77,51.07,51.39,52.21,52.47,53.41,53.23,53.15
UT.cooling,dp,REFINERY.UT-COOLING.DP.PV,Pressure drop,kPa,0,150,120,41.62,42.26,42.04,42.19,41.77,41.7,41.69,42.44,42.74,42.28,41.86,42.14,41.49,41.93,43.21,43.8,44.07,44.26,43.79,44.65,43.72,43.66,43.82,43.3,42.87,42.39,42.69,42.85,43.21,43.8,43.32,43.53,43.27,43.33,43.23,42.39,41.85,42.27,41.33,41.53,41.26,41.57,42.14,41.99,42.12,42.4,42.42,41.49,40.59,39.61,39.42,39.16,39.41,40.08,41.38,41.5,41.42,40.96,41.01,40.58
UT.cooling,fan,REFINERY.UT-COOLING.FAN.PV,Fan load,%,0,100,95,64.46,64.7,63.14,61.07,60.73,60.58,60.81,62.41,62.64,63.51,63.95,64.28,64.28,64.16,64.67,65.01,64.94,64.5,63.82,63.13,63.65,64.37,64.24,65.01,65.31,65.13,64.73,65.58,65.26,64.45,64.99,64.07,64.92,65.27,65.07,65.12,64.24,65,64.97,66.94,68.37,68.25,68.78,68.78,68.33,67.49,66.89,66,65.31,65.21,64.55,64.6,63.82,63.54,63.37,62.94,62.76,62.26,62.25,61.93
UT.flare,flow,REFINERY.UT-FLARE.FLOW.PV,Relief flow,kg/h,0,20000,15000,436.6,445.9,447.2,473.7,465.2,454.7,452.4,441.8,456.8,461.2,450.9,449.2,452.6,465.1,439.2,419.7,419.3,416.7,439.6,447.3,443.5,458.3,479.6,468.4,460.3,462.5,469.6,492.2,499.7,492.2,481.2,466,449.2,467.5,485.9,454.3,442.8,452.7,461.7,449.4,460.5,474.6,483.2,491.9,482.9,482.9,483,483.2,475.2,503.7,518.6,524.5,494.4,485,468.7,481,491,483.3,490.2,498.6
UT.flare,pilot,REFINERY.UT-FLARE.PILOT.PV,Pilot temp,C,100,900,,600.7,600.1,602.5,603.7,602.4,600.8,599.6,598.6,596.4,596.6,596.8,596.5,598.4,596.4,599.8,598.3,599.5,600.1,600.1,601.7,600.5,601.9,602.9,607.8,604.6,606.6,607,605.8,607.3,604.1,602.2,605.6,606.8,608.9,612.3,612.6,615.1,615.1,614.4,613.7,613.3,613,610.5,612.5,613.6,615.2,614.8,615,612.3,607.4,609.4,609.5,609.3,609.5,606.8,607.3,602.4,599.4,602.4,604.8
UT.flare,press,REFINERY.UT-FLARE.PRESS.PV,Header pressure,kPa,0,300,250,21.96,21.45,21.46,21.68,21.66,21.36,21.34,21.77,21.21,21.43,21.91,21.84,22.13,22.61,23.01,23.13,23.49,23.51,23.87,23.31,23.16,23.36,23.62,23.72,23.79,23.62,24.4,24.84,24.92,24.25,25.05,25.19,25.61,25.93,26.69,26.72,27.3,27.65,27.72,27.66,28.4,28.55,28.52,28.78,29.19,29.28,29.52,29.46,29.27,29.11,29.47,29.64,29.68,30.11,29.89,29.94,29.39,29.41,29.81,29.45
UT.flare,wind,REFINERY.UT-FLARE.WIND.PV,Wind speed,m/s,0,30,20,6.165,6.475,6.549,6.565,6.456,6.19,6.372,6.313,6.291,6.4,6.529,6.3,6.491,6.208,6.28,6.415,6.462,6.187,6.065,6.058,6.219,6.167,6.109,5.885,5.971,5.864,5.947,6.026,5.927,6.163,6.35,6.565,6.482,6.5,6.303,6.365,6.238,6.297,6.223,6.226,6.276,6.391,6.467,6.417,6.66,6.731,6.861,6.908,7.138,7.012,6.798,6.402,6.101,6.213,6.071,6.109,6.362,6.351,6.302,6.414
UT.substation,current,REFINERY.UT-SUBSTATION.CURRENT.PV,Current,A,0,900,800,399.3,395.1,394.8,399,403.5,407,405.8,407.5,413.1,413.7,412.1,415.6,418.7,421.7,423.6,425.5,426.5,428.4,431.3,435.1,434.5,433.6,429.9,426.6,424.4,425.2,423.7,426.4,423.5,420.7,420.3,416,419.9,421.6,426.1,425.3,425.4,428.2,426,424.2,422.4,423.1,426.5,424.6,426,427.2,430.2,432.4,435,436.5,433.5,431.8,430.9,426,425,431.5,428.3,429.8,431.2,435
UT.substation,winding_t,REFINERY.UT-SUBSTATION.WINDING_T.PV,Winding temp,C,20,160,140,88.73,89.23,89.35,89.63,89.54,89.76,89.85,89.87,90.22,90.34,90.97,89.51,90.07,90.63,90.53,90.22,90.01,89.54,88.5,88.55,89.28,88.68,88.89,89.34,88.61,88.76,88.83,89.3,88.97,90.26,90.15,89.46,89.9,88.43,87.79,87.07,87.1,87.02,87.82,88.44,88.9,88.91,89.71,89.6,89.39,89.05,88.6,89.29,90.87,91.8,91.1,90.88,90.43,91.08,91.62,91.31,90.92,89.99,89.25,88.38
UT.substation,vib,REFINERY.UT-SUBSTATION.VIB.PV,Vibration,mm/s,0,12,7.1,2.064,2.002,2.136,1.81,1.804,1.71,1.766,1.665,1.643,1.805,1.775,1.679,1.396,1.662,2.053,2.046,2.156,2.039,1.855,1.665,1.379,1.323,1.334,1.616,1.648,1.522,1.287,1.426,1.318,1.26,1.321,1.517,1.566,1.679,1.701,1.58,1.819,1.659,1.465,1.43,1.685,1.754,1.596,1.703,1.599,1.465,1.666,1.647,1.476,1.603,1.49,1.4,1.501,1.546,1.483,1.56,1.811,1.748,1.823,1.709
UT.substation,load,REFINERY.UT-SUBSTATION.LOAD.PV,Load,%,0,100,95,71.02,70.19,68.89,69.84,70.71,71.34,71.32,71.22,71.22,71.13,70.59,70.84,70.29,70.85,70.49,69.99,69.29,69.56,69.61,68.98,68.87,69.47,67.68,68.72,68.55,68.73,69.01,68.69,68.46,68.93,68.84,68.77,68.99,70.15,70.35,71.16,72.38,72.25,73.2,73.04,71.89,71.12,71.99,71.5,71.34,70.18,69.58,68.3,68.34,67.43,66.62,66.69,67.5,67.72,67.7,66.63,67.33,67.4,67.83,68.35
UT.wwt,temp,REFINERY.UT-WWT.TEMP.PV,Temperature,C,0,120,100,47.58,47.84,47.96,47.98,48.03,47.67,47.48,47.58,46.97,47.13,47.48,47.77,47.78,47.83,48.22,48.42,48.4,48.8,49.12,49.73,50.2,50.57,50.7,51,50.86,50.7,50.76,50.7,50.84,50.79,50.96,50.71,50.98,50.34,50.41,50.55,51.13,51.62,51,51.18,51.26,50.56,50.43,50.14,50.29,50.12,50.09,50.36,50.58,51.19,50.72,50.6,50.72,50.68,50.69,50.31,50.92,50.55,50.56,50.47
UT.wwt,vib,REFINERY.UT-WWT.VIB.PV,Vibration,mm/s,0,12,7.1,1.798,1.654,1.507,1.327,0.9786,0.8841,0.9493,1.011,1.067,1.071,1.13,1.021,1.052,1.097,1.403,1.611,1.51,1.571,1.668,1.856,1.781,1.596,1.655,1.692,1.637,1.624,1.681,1.925,2.161,2.178,2.383,2.439,2.436,2.55,2.424,2.515,2.57,2.479,2.663,2.537,2.589,2.833,2.899,3.004,3.065,3.135,3.015,2.915,2.675,2.613,2.693,2.494,2.655,2.76,2.663,2.671,2.939,2.803,2.644,2.536
UT.wwt,load,REFINERY.UT-WWT.LOAD.PV,Load,%,0,100,95,55.06,55.48,54.86,54.77,54.51,55.96,56.5,56.91,56.25,57.73,57.26,57.55,57.72,56.49,56.35,55.46,55.19,54.43,53.65,53.63,53.42,53.62,53.41,53.41,52.95,52.38,52.68,52.06,51.53,50.71,50.73,50.25,50.24,49.6,49.6,48.58,48.47,48.78,49.05,48.33,47.29,46.4,46.96,47.44,48.27,47.45,48.09,48.51,49.55,50.45,51.16,49.97,49.82,50.52,51.97,51.73,52.53,51.83,51.28,50.67
UT.control,air_p,REFINERY.UT-CONTROL.AIR_P.PV,Instrument air,bar,0,10,6.5,7.666,7.642,7.665,7.68,7.685,7.703,7.696,7.672,7.664,7.693,7.681,7.68,7.671,7.639,7.642,7.634,7.659,7.651,7.635,7.626,7.612,7.596,7.568,7.559,7.538,7.55,7.534,7.508,7.533,7.554,7.551,7.552,7.563,7.539,7.543,7.582,7.576,7.563,7.571,7.555,7.531,7.504,7.528,7.558,7.533,7.548,7.547,7.548,7.535,7.526,7.564,7.551,7.514,7.497,7.489,7.494,7.487,7.498,7.48,7.481
UT.control,temp,REFINERY.UT-CONTROL.TEMP.PV,Ambient temp,C,10,45,40,31.84,31.89,31.86,31.92,31.83,31.85,31.84,31.85,31.95,32.04,31.86,31.79,31.86,31.88,31.86,31.97,31.97,32,32.01,32.01,32.04,31.99,31.95,31.94,32.01,31.89,31.92,31.95,32.02,32.01,32.02,32.03,32.03,31.99,32.07,32.09,32.21,32.3,32.21,32.2,32.33,32.39,32.43,32.46,32.42,32.52,32.49,32.52,32.43,32.61,32.72,32.67,32.68,32.63,32.72,32.75,32.66,32.65,32.56,32.52
UT.control,alarms,REFINERY.UT-CONTROL.ALARMS.PV,Active alarms,,0,50,20,2.924,3.049,2.863,2.993,2.95,3.131,3.075,3,3.107,3.065,3.063,3.082,3.152,3.181,3.467,3.598,3.722,3.675,3.7,3.57,3.501,3.555,3.58,3.702,3.797,3.994,4.009,4.078,4.137,4.268,4.246,4.191,4.068,4.118,4.071,4.162,4.334,4.198,4.255,3.973,3.972,3.952,3.892,4.13,4.269,4.066,3.977,3.59,3.719,3.838,3.867,3.683,3.642,3.633,3.8,3.841,3.818,4.058,4.1,4.311
UT.control,comms,REFINERY.UT-CONTROL.COMMS.PV,Link uptime,%,90,100,98,99.71,99.71,99.7,99.72,99.72,99.71,99.71,99.71,99.72,99.72,99.72,99.71,99.71,99.72,99.72,99.72,99.72,99.73,99.73,99.75,99.75,99.75,99.76,99.76,99.76,99.76,99.75,99.76,99.75,99.75,99.75,99.75,99.74,99.75,99.75,99.75,99.75,99.75,99.75,99.76,99.75,99.76,99.76,99.75,99.75,99.75,99.75,99.75,99.76,99.76,99.75,99.75,99.76,99.75,99.75,99.75,99.74,99.74,99.75,99.76
UT.rack,flow,REFINERY.UT-RACK.FLOW.PV,Flow,m3/h,0,800,720,317.9,320.2,322.4,322.7,321.5,318,317,318.5,319.2,320.4,320.5,317.5,316.8,315.4,314.4,315.8,310.1,309.2,311.8,313.5,313.7,313.8,314.5,314,315.9,316.3,318.6,315.3,316.1,313.7,314.7,314.6,314.6,318.8,316,315.6,314.8,311.4,312.1,314.3,314.8,316.4,314.2,315.1,316.7,318.6,317.9,320.4,320.3,322,323.3,323.1,319.8,323.6,321.6,322.5,320.8,320.6,320.1,317.8
UT.rack,press,REFINERY.UT-RACK.PRESS.PV,Pressure,bar,0,120,100,64.3,64.63,65.26,64.76,64.54,64.6,65.04,65.27,65.38,65.1,64.8,65.27,65.47,65.5,65.66,65.5,65.42,65.5,66.28,66.16,66.14,65.95,65.97,66.2,66.84,66.73,66.96,66.76,66.52,66.29,66.17,66.64,66.71,66.62,66.84,66.97,67.03,67.71,67.34,67.42,67.23,67.16,66.74,66.49,66.34,66.7,66.82,66.76,66.63,67.14,67.21,66.9,66.18,66.39,65.8,66.05,66.18,66.56,66.85,66.97
UT.rack,temp,REFINERY.UT-RACK.TEMP.PV,Temperature,C,-170,150,,38.35,38.48,38.6,38.54,38.56,38.96,38.84,38.92,38.91,39.28,39.19,39.15,39.27,39.08,38.95,39.79,39.53,39.9,40.23,39.91,40.4,40,40.14,40.08,39.68,39.53,39.65,39.32,39.65,39.64,39.9,39.75,39.89,39.96,39.53,39.69,40.18,40.2,40.61,40.73,40.85,40.7,40.75,41.2,41.04,41.07,40.78,40.67,40.49,40.6,40.71,40.68,41.45,41.23,41.43,41.52,41.34,40.87,41.11,41.17
UT.rack,wall,REFINERY.UT-RACK.WALL.PV,Wall loss,%,0,30,20,6.395,6.399,6.398,6.397,6.385,6.383,6.375,6.373,6.378,6.372,6.365,6.376,6.38,6.378,6.381,6.384,6.382,6.392,6.39,6.386,6.393,6.394,6.398,6.401,6.395,6.402,6.407,6.402,6.404,6.405,6.4,6.405,6.404,6.401,6.399,6.408,6.415,6.411,6.415,6.426,6.414,6.4,6.414,6.412,6.414,6.404,6.406,6.406,6.392,6.396,6.4,6.403,6.41,6.427,6.427,6.425,6.429,6.428,6.434,6.441
