node,tag,label,unit,lo,hi,warn,v0,v1,v2,v3,v4,v5,v6,v7,v8,v9,v10,v11,v12,v13,v14,v15,v16,v17,v18,v19,v20,v21,v22,v23,v24,v25,v26,v27,v28,v29,v30,v31,v32,v33,v34,v35,v36,v37,v38,v39,v40,v41,v42,v43,v44,v45,v46,v47,v48,v49,v50,v51,v52,v53,v54,v55,v56,v57,v58,v59
WH.a,flow,Flow,m3/h,0,400,360,240.4,239.7,239.2,238,240.4,239.2,240.2,239.9,239.5,241.4,241.1,236.4,237.5,237,236.2,237.3,234.7,231.1,234,232.6,236.6,237.8,236.7,234.1,236.2,235.3,233.3,234.6,236.2,236.9,240.6,240.2,238.8,239.1,238.7,243.8,245.1,246.5,248.8,246.7,246.6,244.4,240.4,242.3,240.2,237.1,236.1,234.2,237.7,237.4,235.4,235.2,235.5,240.8,240.2,241.8,243.3,243.7,242.5,241.5
WH.a,disch_p,Discharge pressure,bar,0,60,52,39.45,39.31,38.78,38.98,39.09,39.09,38.83,38.28,38.41,37.7,38.18,38.79,38.9,39.38,39.39,39.66,39.77,40.38,40.37,40.15,39.86,39.72,39.79,40.09,39.77,39.62,39.55,39.16,39,38.67,38.28,38.05,38.52,38.98,39.2,39.23,39.57,39.18,39,39.45,40.23,39.58,39.3,39.4,39.19,39.26,39.42,38.3,38.44,39.03,39.6,39.43,39.9,39.77,40.23,39.98,40.3,40.15,39.89,39.93
WH.a,vib,Vibration,mm/s,0,12,7.1,1.641,1.373,1.451,1.513,1.524,1.524,1.674,1.624,1.555,1.635,1.587,1.371,1.55,1.445,1.539,1.845,1.729,1.863,1.849,2.072,1.968,2.058,1.812,2.031,1.988,1.886,1.876,1.933,2.01,2.071,2.032,1.956,2.112,2.153,2.162,2.233,2.271,2.287,2.096,1.948,2.071,2.158,2.327,2.152,1.844,1.544,1.399,1.464,1.496,1.423,1.299,1.094,0.8687,0.789,0.9877,0.9068,0.9586,0.8454,0.8917,0.8504
WH.a,brg_t,Bearing temp,C,20,110,85,60.42,60.93,61.48,61.16,60.71,60.45,59.72,59.54,59.46,59.01,59.74,61.03,60.59,60.74,60.46,60.06,61.22,61.06,60.8,60.52,60.48,60.48,59.54,59.79,59.87,58.81,59.28,59.63,60.31,60.76,60.39,60.39,61.35,61.89,61.71,62.01,63.18,62.81,62.58,62.55,62.24,61.44,61.99,61.49,62.02,62,61.96,62.18,62.31,61.99,62.27,61.96,61.48,61.17,61.21,61.27,60.38,60.05,60.2,60.37
WH.a.casinghead,pos,Valve position,%,0,100,,71.82,71.85,71.95,71.96,72.04,72.03,72.12,72.2,72.24,72.24,71.95,71.88,71.81,72.1,72.08,72.07,72.06,71.98,72.14,72.25,72.17,72.05,71.99,71.89,71.86,71.71,71.49,71.51,71.58,71.58,71.71,71.76,71.75,71.7,71.91,72.03,72.07,72.27,72.34,72.44,72.52,72.73,72.75,72.66,72.62,72.63,72.46,72.56,72.56,72.71,72.56,72.57,72.46,72.54,72.51,72.7,72.69,72.65,72.77,72.81
WH.a.casinghead,up_p,Upstream pressure,bar,0,350,320,187.3,187.1,187.4,188.1,188,187.6,188.6,187.3,188,189.3,189.7,188.4,188.5,187.4,187.3,187.4,188.9,189.1,189.2,188.9,188,188.8,191.3,190.5,190.4,189.5,189.8,190.9,189.7,189.4,191,192.5,191.5,192.8,193.1,192.5,193.1,193.3,194,192.4,192.4,192.1,191.9,190.2,191.9,191.4,190.9,190.8,189.9,190.7,191.6,191.5,190.5,190,189.4,190.9,190.7,190.3,191.8,190.7
WH.a.casinghead,dn_p,Downstream pressure,bar,0,350,,95.2,95.43,94.13,94.47,96.03,96.64,96.8,96.37,97.75,98.2,98.63,97.93,98.02,98.41,98.35,98.23,97.98,97.12,96.54,95.18,96.62,96.35,96.64,95.72,95.61,95.72,95.26,95.27,95.53,96.48,95.61,95.29,95.56,95.42,96.22,97.56,96.7,96.75,96.57,95.74,95.96,95.76,95.44,96.16,95.21,95.25,94.68,95.25,95.11,95.07,95.14,95.09,95.14,96.26,96.77,96.51,95.45,94.91,94.63,94.86
WH.a.casinghead,temp,Body temp,C,0,120,100,40.6,40.65,40.58,40.57,40.54,40.63,40.55,40.08,39.84,40.11,40.25,40.34,40.48,40.84,40.64,40.58,40.52,40.27,40.19,40.16,40.27,40.1,39.58,39.52,39.79,39.99,39.91,39.34,39.52,39.36,39.7,39.44,39.76,39.83,39.57,39.71,39.93,40.23,40.45,40.43,40.28,40.43,40.42,40.36,40.55,40.32,40.4,40.59,40.67,40.66,40.81,41.15,41.44,40.99,41.06,41.32,41.27,41.32,41.57,41.13
WH.a.tubinghead,pos,Valve position,%,0,100,,72.26,72.34,72.17,72.27,72.28,72.32,72.32,72.22,72.17,72.1,72.21,72.11,71.92,72.01,71.99,72.16,72.21,72.12,72.02,71.9,71.81,71.75,71.69,71.93,71.8,71.79,71.9,72.02,71.88,72.05,71.97,71.83,71.8,71.93,72,72.15,72.17,72.17,72.08,72.07,72.1,72.08,71.98,72.01,71.95,72.08,72.1,72.04,72,71.92,72.08,72.1,72.14,72.16,72.31,72.09,71.95,72.03,72.11,72.18
WH.a.tubinghead,up_p,Upstream pressure,bar,0,350,320,185.2,184.4,183.9,182.8,182.1,182.1,180.9,183,184.5,184.4,184,183.2,183.1,183,182,182.6,183,184.7,183.7,183.4,182.3,182.4,180.7,181.3,181.2,180.6,181.5,181.3,180.5,179.9,181.1,181.3,181.7,182.5,181.9,182.9,182.4,183.3,182.2,182.1,182.9,183.6,184.3,182.3,182.7,183.5,183.6,183,181.9,181.3,180.1,179.8,180.9,181.1,181.5,180,179.8,180.7,181,181.7
WH.a.tubinghead,dn_p,Downstream pressure,bar,0,350,,91.36,90.71,90.2,89.82,90.05,89.9,90.1,89.86,89.97,90.72,89.97,90.12,89.32,89.56,89.95,90.83,90.28,88.67,89.23,88.7,88.31,87.94,88.43,87.96,88.47,89.14,89.01,89.28,89.27,89.71,89.48,88.31,88.07,88.13,88.02,87.87,87.89,88.33,88.58,88.41,88.03,88.4,88.09,88.1,88.41,88.51,87.82,88.43,87.83,87.67,88,87.99,87.78,89.34,90.1,90.52,91.17,91.8,91.16,90.94
WH.a.tubinghead,temp,Body temp,C,0,120,100,41.53,41.71,41.85,41.47,41.52,41.17,40.98,41.16,41.1,40.94,40.59,40.53,40.6,40.64,40.23,40.38,40.15,39.96,39.71,39.61,39.24,39.42,39.48,39.64,39.89,39.61,39.29,39.33,39.22,39.25,39.48,39.73,39.65,39.69,39.79,39.93,40.16,40.26,40.35,40.14,40.38,40.56,40.48,40.47,40.19,40.17,39.85,39.76,40.05,40.01,40.21,40.09,39.7,40.11,39.6,39.36,39.46,39.47,39.41,39.02
WH.a.tree,pos,Valve position,%,0,100,,71.84,71.99,72.05,72.03,71.98,72.08,72.18,72.08,72.15,72.25,72.39,72.55,72.47,72.71,72.66,72.72,72.74,72.51,72.55,72.47,72.64,72.69,72.61,72.6,72.69,72.75,72.74,72.81,72.92,72.6,72.71,72.48,72.27,72.29,72.12,72.02,71.87,71.71,71.7,71.62,71.69,71.54,71.53,71.58,71.4,71.21,71.25,71.22,71.35,71.24,71.28,71.44,71.53,71.36,71.39,71.5,71.36,71.64,71.62,71.73
WH.a.tree,up_p,Upstream pressure,bar,0,350,320,188.5,187.3,186.9,186.4,186.5,186.6,185.3,185.1,185.7,187.2,188.1,188.3,189.6,189.9,189.8,189.3,189.4,188.7,189.3,190.1,189.3,190,189.2,189.7,189,188.4,187.6,187.6,188.9,189.2,189.5,189,187.5,188,186.8,186.4,187.8,187.2,186.7,185.4,185.2,185,184.6,183.3,183,182.9,183.7,183.7,184.6,184.8,184.7,183.6,183.3,182.7,183.6,184.2,184.1,184.5,182.6,181.2
WH.a.tree,dn_p,Downstream pressure,bar,0,350,,92.8,92.89,93.26,93.96,94.06,94.23,94.49,95.31,95.05,94.52,94.49,94,93.93,93.38,92.57,92.19,91.87,91.49,91.82,90.87,90.43,90.54,90.82,90.49,90.57,89.53,90.82,91.26,91.71,92.16,92.66,92.91,92.49,91.64,92.19,92.04,91.79,91.88,91.54,90.71,90.53,90.34,90.28,89.93,89.79,89.5,89.37,89.73,90.39,90.42,90.39,90.42,91.22,91.3,90.6,91.17,91.33,91.04,89.96,89.01
WH.a.tree,temp,Body temp,C,0,120,100,40.78,40.95,41.16,41.47,41.28,41.21,41.2,41.08,41.17,40.91,40.86,40.81,40.75,40.49,40.41,40.27,40.36,40.17,40.53,40.04,39.75,40.05,40.15,40.26,40.29,40.38,40.24,40.17,40.21,40.23,40.61,40.87,40.23,39.83,39.82,39.42,39.76,39.62,39.94,40.02,39.38,39.43,39.26,39.32,39.47,39.28,39.24,39.23,38.81,39.08,39,39.01,38.94,38.95,39.04,38.72,38.55,38.85,38.8,38.87
WH.a.stuffing,temp,Temperature,C,0,120,100,47.9,48.04,47.49,47.57,47.8,47.95,47.35,47.81,47.54,47.61,47.92,47.76,47.89,48.49,48.44,48.61,48.09,47.97,48.17,48.16,48.37,47.95,48.28,48.27,48.56,48.91,48.85,49.03,49.48,49.2,48.92,49.15,49.66,49.85,50.19,50.49,50.61,50.03,50.47,50.96,51.09,50.63,50.99,51.22,51.75,51.76,51.46,50.97,51,51.42,51.56,50.97,51,50.4,50.54,51.22,50.26,50.35,50.34,50.47
WH.a.stuffing,vib,Vibration,mm/s,0,12,7.1,2.742,2.946,2.908,2.715,2.975,2.859,2.933,2.922,2.871,2.889,2.87,3.004,2.896,2.646,2.307,2.23,2.205,2.156,2.005,1.965,1.976,1.946,1.72,1.519,1.338,1.197,1.218,1.343,1.237,1.027,0.9894,1.207,1.322,1.395,1.456,1.926,1.886,2.105,2.005,1.946,1.968,1.97,2.112,2.251,2.558,2.714,2.717,2.556,2.555,2.497,2.387,2.328,2.364,2.166,2.088,1.861,1.686,1.494,1.668,1.536
WH.a.stuffing,load,Load,%,0,100,95,59.84,60.52,61.61,61.24,62.5,61.8,61.89,60.31,60.14,60.73,60.86,59.59,60.55,61.99,62.37,62.3,60.77,60.51,60.68,60.16,60.53,61.7,62.99,62.29,62.04,61.9,62.5,62.76,63.17,61.67,61.62,61.51,61.97,61,60.96,59.87,59.43,59.57,59.68,60.29,59.96,59.67,60.51,59.49,58.89,59.08,59.16,59.7,59.27,59.15,58.93,59.58,57.97,58.02,58.12,58.88,58.68,58.04,58.54,58.75
WH.a.cellar,air_p,Instrument air,bar,0,10,6.5,7.532,7.538,7.57,7.579,7.575,7.584,7.611,7.608,7.62,7.629,7.608,7.61,7.608,7.613,7.599,7.619,7.639,7.616,7.604,7.623,7.624,7.619,7.637,7.673,7.65,7.639,7.673,7.683,7.698,7.707,7.704,7.7,7.662,7.695,7.672,7.679,7.659,7.637,7.635,7.618,7.601,7.591,7.602,7.615,7.612,7.628,7.657,7.643,7.612,7.654,7.667,7.691,7.748,7.752,7.721,7.739,7.719,7.72,7.728,7.749
WH.a.cellar,temp,Ambient temp,C,10,45,40,31.64,31.67,31.7,31.72,31.67,31.66,31.62,31.7,31.64,31.67,31.83,31.88,32.01,32.01,32.07,31.91,31.83,31.89,31.91,31.77,31.79,31.69,31.65,31.48,31.46,31.47,31.39,31.48,31.43,31.39,31.29,31.2,31.23,31.23,31.3,31.34,31.28,31.26,31.28,31.31,31.27,31.17,31.17,31.22,31.23,31.23,31.23,31.21,31.17,31.3,31.17,31.18,31.22,31.16,31.23,31.21,31.4,31.31,31.37,31.35
WH.a.cellar,alarms,Active alarms,,0,50,20,2.335,2.178,2.294,2.238,2.046,2.126,2.141,2.224,2.194,1.995,1.998,1.93,1.692,1.578,1.578,1.475,1.413,1.524,1.471,1.556,1.497,1.545,1.539,1.442,1.581,1.529,1.546,1.592,1.756,1.395,1.224,1.008,0.928,0.8134,0.7115,0.6814,0.7261,0.7067,0.6898,0.6838,0.6672,0.5174,0.4304,0.5439,0.7149,0.6446,0.538,0.3376,0.659,0.6196,0.7853,0.9872,1.027,0.8266,1.102,1.254,1.405,1.314,1.366,1.307
WH.a.cellar,comms,Link uptime,%,90,100,98,99.67,99.67,99.68,99.68,99.67,99.67,99.66,99.66,99.65,99.67,99.67,99.66,99.66,99.65,99.64,99.65,99.63,99.63,99.63,99.62,99.62,99.62,99.61,99.61,99.61,99.6,99.6,99.59,99.57,99.57,99.58,99.57,99.56,99.56,99.56,99.55,99.56,99.55,99.54,99.54,99.55,99.54,99.52,99.51,99.51,99.52,99.51,99.5,99.51,99.51,99.52,99.52,99.52,99.52,99.52,99.52,99.53,99.53,99.54,99.55
WH.b,pos,Valve position,%,0,100,,72.21,71.99,71.98,72.01,72.13,72.2,72.05,72.11,72.08,72.18,72.29,72.32,72.22,72.13,72.01,71.97,71.98,71.93,71.88,72.05,72.12,72.11,72,71.88,71.89,71.87,71.85,72.02,72.12,72.09,72.06,72.02,72.02,72.21,72.22,72.26,72.34,72.45,72.35,72.35,72.54,72.7,72.86,72.87,72.97,73.03,72.83,72.72,72.46,72.35,72.48,72.65,72.9,72.92,72.84,72.99,73.01,73.04,72.92,72.99
WH.b,up_p,Upstream pressure,bar,0,350,320,191.2,192.5,192.9,192.4,192.4,193.4,193,192.2,192,192,190.7,190.2,189.3,188.8,188.5,189.4,190.7,190.8,190.7,191.3,192.6,192.7,193.4,193.1,192.9,193.5,194.6,195.1,195.9,196.1,197.2,198.3,197.1,196.6,197.3,196,196.9,196.5,197.8,199.5,198.1,196.1,196,196.4,197,196.3,195.5,195.2,195.2,196.7,195.7,195,193.9,195.2,196.1,195.7,195.2,194.9,194.7,195.9
WH.b,dn_p,Downstream pressure,bar,0,350,,95.9,95.86,96.48,95.9,94.91,95.29,95.07,95.48,95.53,94.79,94.21,93.81,93.86,94.29,94.69,94.72,94.78,95.26,94.71,95.01,94.92,94.32,94.25,94.12,93.51,92.96,92.45,92.68,94.02,93.43,93.45,93.25,93.32,93.93,93.68,94.41,94.42,93.77,92.88,92.37,92,92.04,91.04,90.59,91,91.05,91.72,92.05,91.92,92.01,91.53,92.53,91.56,92.22,92.1,92.91,93.74,92.87,92.2,93.43
WH.b,temp,Body temp,C,0,120,100,41.15,41.1,41.14,41.04,41.02,41.31,41.47,41.39,41.43,41.26,41.3,41.44,41.18,41.3,41.15,41.5,41.39,41.51,41.42,41.29,41.38,41.37,41.37,40.92,40.99,40.68,40.7,40.89,40.93,41.17,41.56,41.37,41.55,41.35,41.28,41.51,41.48,41.32,41.56,41.53,41.36,41.31,41.54,41.67,41.6,41.8,41.51,41.54,41.47,41.64,41.95,41.96,42.17,41.96,42.08,41.8,41.56,41.34,41.16,41.15
WH.b.head,pos,Valve position,%,0,100,,72.15,72.1,72.04,72.13,72.02,72.09,71.96,71.99,71.9,71.86,71.88,71.95,71.95,72.06,71.86,71.77,71.69,71.64,71.71,71.81,71.86,72.01,72.11,71.93,72.11,72.04,71.92,72.03,72.14,72.12,72.27,72.33,72.34,72.24,72.35,72.27,72.43,72.37,72.18,72.23,72.46,72.51,72.54,72.59,72.48,72.55,72.5,72.46,72.38,72.46,72.54,72.68,72.59,72.58,72.53,72.46,72.4,72.35,72.21,72.28
WH.b.head,up_p,Upstream pressure,bar,0,350,320,186.2,186,185.3,185.6,185.7,186.9,187.8,187.4,187.6,187.4,187.4,187.4,188.4,189,188.6,189.4,189.2,188.5,188.2,188.7,188.9,188.3,188,187.5,187.2,186,186.2,186.8,185.5,186.9,186.4,186.1,187.1,186.8,188.1,187.3,187.9,188.3,188.2,186.6,186.2,185.2,185.4,185.4,186.6,187,188.2,188,187.3,187.1,186.3,188,188.2,188.3,188.3,188.8,189.6,188.4,187.2,186.2
WH.b.head,dn_p,Downstream pressure,bar,0,350,,94.3,93.45,93.02,92.82,92.47,92.36,92.79,91.88,92.92,93.19,92.55,92.94,92.8,92.3,92.7,91.47,91.68,92.52,92.35,92.68,92.61,92.59,91.85,91.76,91.3,91.09,91.13,91.47,92.88,93.25,93.26,92.72,93.29,93.45,93.59,93.06,92.49,92.87,92.8,93.64,93.62,93.12,93.82,94.37,94.66,94.45,93.99,93.99,93.58,92.43,92.68,92.75,92.26,91.94,91.23,89.94,89.84,89.95,90.17,90.59
WH.b.head,temp,Body temp,C,0,120,100,40.59,40.67,40.68,40.49,40.2,40.48,40.44,40.53,40.76,40.7,40.74,40.58,40.58,40.27,40.14,40.29,40.37,39.96,39.95,39.95,39.8,39.76,39.78,40.06,39.99,40.02,39.84,40.04,40.08,40.22,39.98,39.95,40.03,39.8,39.75,39.77,40.11,39.94,39.8,39.91,40.12,40.01,39.75,39.48,39.32,39.19,39.53,39.57,40.06,40.32,40.42,40.18,39.89,40.09,40.2,39.86,39.64,39.38,39.56,39.82
WH.b.tree,pos,Valve position,%,0,100,,72.49,72.54,72.54,72.54,72.63,72.62,72.62,72.76,72.8,72.74,72.71,72.62,72.75,72.81,72.77,72.9,72.93,72.7,72.49,72.51,72.34,72.12,72.17,72.16,72.37,72.33,72.43,72.17,72.29,72.44,72.42,72.42,72.43,72.49,72.57,72.69,72.67,72.64,72.4,72.45,72.41,72.58,72.43,72.2,72.27,72.23,72.21,72.42,72.46,72.44,72.33,72.29,72.21,72.09,72.02,72.02,72.04,72.07,72.07,72
WH.b.tree,up_p,Upstream pressure,bar,0,350,320,183.4,182.9,184.5,185.2,186.8,186.7,186.1,186.2,186.1,186.6,187,186.4,186.5,185.8,185.6,187.3,186.5,186.1,186.7,186,185.6,185.6,185.6,185.4,184.5,184.5,185.2,185.2,184,183.2,183.3,182.6,182.2,181.3,180.2,180.7,180.9,182,182.1,181.2,182.7,183.1,184.4,184.8,184.6,182.7,182.5,182,182.1,183.3,181.8,182.7,182.9,183.2,182.2,182.7,181.7,182.2,180.3,181
WH.b.tree,dn_p,Downstream pressure,bar,0,350,,92.44,92.51,93.16,92.58,93.41,92.49,92.11,92.3,91.45,90.77,90.56,90.36,89.89,89.5,89.95,90.05,89.47,89.96,90.35,90.97,91.28,90.51,90.04,89.68,89.97,90.24,90.32,89.54,89.76,89.86,89.59,89.39,89.83,90.01,89.79,89.09,90.06,89.68,89.68,90.85,90.33,90.96,90.16,90.25,91.15,90.81,90.26,90.02,90.22,90.97,91.82,92.54,91.91,92.55,91.91,91.57,91.48,91.98,92.01,92.05
WH.b.tree,temp,Body temp,C,0,120,100,41.33,41.42,41.51,41.1,41.12,41.21,41.29,40.76,40.71,40.73,40.89,40.85,40.67,40.61,40.42,40.19,39.77,39.8,39.86,39.94,40.04,39.91,39.9,39.92,40.13,40.1,40.25,40.18,40.18,40.08,39.86,39.9,40.03,40.45,40.36,40.35,40.45,40.51,40.82,40.81,40.4,40.05,39.98,40.38,40.49,40.51,40.32,40.15,40.15,40.42,40.35,39.97,39.95,39.97,40.2,40.07,40.15,40.15,40.29,40.32
WH.b.cellar,air_p,Instrument air,bar,0,10,6.5,7.512,7.517,7.491,7.484,7.469,7.502,7.5,7.507,7.475,7.464,7.472,7.483,7.481,7.517,7.516,7.509,7.476,7.464,7.429,7.417,7.427,7.456,7.477,7.466,7.482,7.472,7.466,7.445,7.449,7.461,7.448,7.451,7.478,7.487,7.478,7.462,7.445,7.467,7.467,7.477,7.47,7.47,7.437,7.476,7.472,7.469,7.481,7.484,7.47,7.443,7.463,7.435,7.454,7.465,7.444,7.405,7.428,7.425,7.407,7.411
WH.b.cellar,temp,Ambient temp,C,10,45,40,31.65,31.77,31.81,31.87,31.95,32.02,32.11,32.06,32.08,32.1,32.21,32.23,32.3,32.29,32.19,32.21,32.11,32.15,32.08,31.97,32.01,32.01,31.97,31.86,31.88,31.89,31.89,31.81,31.83,31.84,31.81,31.87,31.79,31.78,31.91,31.84,31.81,31.81,31.69,31.68,31.72,31.81,31.84,31.79,31.75,31.76,31.75,31.73,31.73,31.78,31.72,31.72,31.75,31.71,31.82,31.91,31.79,31.88,31.86,31.82
WH.b.cellar,alarms,Active alarms,,0,50,20,2.324,2.226,1.831,1.895,1.78,1.805,1.811,1.814,1.492,1.494,1.325,1.36,1.469,1.533,1.593,1.6,1.606,1.501,1.305,1.289,1.475,1.425,1.381,1.401,1.661,1.847,1.802,1.968,1.795,1.927,1.733,1.69,1.709,1.813,1.858,1.546,1.325,1.488,1.63,1.591,1.506,1.557,1.536,1.576,1.461,1.529,1.35,1.412,1.354,1.533,1.495,1.488,1.594,1.635,1.55,1.704,1.634,1.657,1.883,1.654
WH.b.cellar,comms,Link uptime,%,90,100,98,99.7,99.7,99.72,99.71,99.71,99.7,99.69,99.7,99.71,99.7,99.69,99.69,99.7,99.7,99.69,99.7,99.71,99.7,99.7,99.7,99.69,99.7,99.7,99.69,99.7,99.7,99.71,99.7,99.71,99.72,99.71,99.71,99.7,99.7,99.7,99.71,99.7,99.7,99.69,99.69,99.68,99.68,99.68,99.67,99.68,99.69,99.69,99.7,99.69,99.69,99.7,99.7,99.7,99.7,99.7,99.7,99.69,99.68,99.69,99.69
WH.casing,temp,Temperature,C,0,120,100,46.82,46.87,46.36,46.17,46.32,46.34,46.27,46.35,46.85,46.79,46.8,46.54,46.4,46.36,46.54,46.26,45.96,45.28,45.04,45.32,45.65,45.46,46.09,46.56,46.44,46.55,45.98,45.61,45.5,45.8,45.68,45.46,45.98,45.4,45.3,45.59,45.5,45.47,45.16,45.21,45.11,45.14,45.2,45.32,45.03,45.18,45.41,45.33,45.2,46.08,45.66,45.42,45.79,45.94,45.78,45.53,45.32,45.34,45.47,45.79
WH.casing,vib,Vibration,mm/s,0,12,7.1,2.375,2.226,2.395,2.501,2.596,2.437,2.522,2.519,2.46,2.302,2.247,2.221,2.275,2.395,2.359,2.147,2.116,2.166,2.036,2.295,2.132,2.171,2.453,2.459,2.434,2.399,2.556,2.555,2.572,2.493,2.632,2.726,2.688,2.655,2.737,2.879,3.08,2.665,2.634,2.526,2.466,2.508,2.571,2.05,1.768,1.67,1.54,1.244,1.176,1.309,0.9364,1.065,1.205,1.353,1.145,1.198,1.442,1.586,1.709,1.745
WH.casing,load,Load,%,0,100,95,57.53,58.29,58.72,59.55,60.01,59.52,59.57,58.49,58.66,58.97,58.73,60.27,60.57,59.8,59.62,59.75,60.27,59.14,59.81,60.49,60.24,59.35,59.81,59.66,59.98,61.01,61.17,60.06,59.36,59.32,59.29,59.49,59.55,59.91,61.55,60.48,59.99,60.11,59.77,59.86,59.55,60.83,60.34,59.33,58.38,58,57.34,56.63,56.56,55.61,54.8,55.31,55.6,55.57,55.63,55.85,55.11,54.93,54.86,54.93
WH.casing.surface,temp,Temperature,C,0,120,100,44.93,45.4,45.59,45.58,45.44,45.69,46.21,46.33,46.11,45.85,45.75,46.13,45.36,45.98,45.87,45.45,45.33,45.41,45.1,45.37,45.12,45.31,44.91,44.99,44.96,44.78,44.32,44.79,44.64,44.68,44.59,44.95,45.02,45.2,45.36,45.31,45.52,46.11,45.74,45.4,46.15,46.43,46.55,46.25,46.04,46.63,46.81,46.61,46.48,45.84,45.9,46.17,46.02,45.83,46.15,46.23,46.15,46.27,45.98,45.94
WH.casing.surface,vib,Vibration,mm/s,0,12,7.1,2.577,2.73,2.859,2.584,2.531,2.413,2.54,2.693,2.653,2.601,2.407,2.326,2.236,1.955,1.969,1.953,2.014,1.974,1.939,1.912,1.806,1.699,1.555,1.576,1.509,1.442,1.314,1.291,1.305,1.005,0.9617,0.8221,0.9392,1.092,1.056,0.9531,1.177,1.262,1.204,1.178,1.159,1.331,1.323,1.426,1.68,1.887,1.835,1.77,1.704,1.74,1.732,1.718,1.824,1.912,1.919,1.821,1.94,1.898,1.853,1.946
WH.casing.surface,load,Load,%,0,100,95,57.98,58.9,58.25,58.06,59.05,59.7,60.04,60.8,60.05,58.85,58.65,59.71,60.61,61.2,61.54,61.52,61.69,61.59,60.43,60.98,61.67,62.73,62.01,61.83,60.91,60.77,61.69,62.42,62.75,63.46,62.67,62.26,62.57,62.88,62.41,61.57,61.37,61.99,62.15,62.32,62.2,63.46,65.39,66.8,66.71,66.24,65.71,67.05,67.5,67.34,67.61,67.81,68.74,67.05,66.56,66.98,68.8,69.85,68.53,69.18
WH.casing.prod,torque,Torque,kNm,0,80,72,40.84,40.93,41.05,40.67,39.67,38.64,37.98,37.74,37.44,37,37.45,38.06,38.38,38.55,38.86,38.71,37.91,37.26,36.83,37.31,36.77,36.6,35.8,35.06,34.61,35.34,36.1,36.19,36.22,37.01,36.92,36.67,36.6,36.17,36.68,36.29,35.82,36.29,36.2,35.66,35.67,35.22,35.6,35.76,36.2,36.46,36.41,35.78,36.28,36.57,36.81,36.92,37.23,37.7,37.02,37.27,36.41,36.86,36.09,36.01
WH.casing.prod,rpm,Rotation,rpm,0,220,200,120.1,119.5,120.2,120,120.2,122.5,122.9,124.1,123.5,123.1,122.9,121.8,121.9,122,121.6,121.9,121.3,121.2,121.5,121.3,121.4,121.2,120.7,121.6,121.8,123,122.8,124.2,124.8,125.8,126.1,125.6,125.1,125.6,125.1,125.6,126.1,127,126.3,126.8,127.6,127,127.3,127.1,127.1,127.6,128.7,128.3,129.5,128.9,128.9,130.2,130.1,129.4,130.9,131,130.8,131,131.5,131.4
WH.casing.prod,vib,Vibration,mm/s,0,15,9,4.554,4.188,4.158,4.121,4.006,4.034,4.137,4.174,4.304,4.138,3.867,4.271,4.079,4.052,4.186,4.06,3.886,3.959,3.719,3.584,3.557,3.515,3.54,3.667,3.995,3.893,3.946,4.12,4.12,4.003,4.141,4.032,4.001,4.087,4.364,4.11,4.095,4.154,4.064,4.325,4.493,4.207,4.333,4.334,4.548,4.481,4.235,4.383,4.368,4.643,4.41,4.658,4.999,5.189,5.05,4.618,4.98,4.67,4.715,4.772
WH.casing.prod,temp,Gearbox temp,C,20,120,100,71.91,72.15,72.63,72.96,73.51,73.42,73.66,74.13,74.13,73.65,73.41,73.58,73.53,73.88,74.35,74.53,74.01,74.33,73.93,74.16,74.56,74.42,74.36,74.39,74.03,73.82,73.33,73.38,73.73,73.58,73.53,73.74,73.72,74.14,74.6,75.21,75.42,75.24,75.32,75.06,75.16,75.11,75.18,75.13,75.12,74.54,74.47,74.81,74.46,74.68,75.55,75.92,76.43,76.66,76.71,77.14,77.01,77.04,77.68,77.74
WH.casing.tubing,torque,Torque,kNm,0,80,72,40.38,40.12,40.17,39.47,40.26,40.63,40.72,40.71,40.56,40.25,41.87,42.18,42.89,43,42.93,43.4,43.74,43.49,43.52,43.63,43.47,43.67,44.2,44.06,43.75,44.17,44.77,45.26,45.29,46.59,46.73,46,46.48,46.36,46.43,46.22,46.22,46.09,46.09,45.97,46.19,45.8,45.87,46.26,45.6,44.49,44.15,44.02,44.52,45.24,46.27,46.7,45.78,45.78,44.61,43.93,43.67,42.71,42.51,42.87
WH.casing.tubing,rpm,Rotation,rpm,0,220,200,121,121.9,122.5,121.8,119.9,120.7,121.3,120.2,120.5,120.6,119.7,119.2,117.9,117.3,117.5,116.3,115.5,113.8,113.2,113.6,114.1,113.5,113.1,112.9,112.8,111,111.2,111.4,109.3,108.4,108.3,107.8,108.4,109,109.1,108.6,107.3,105.7,105.1,105.5,105.2,104.3,105,105.3,105.6,105.1,104.7,104.4,104.7,106,105,104.6,104.3,103.8,103.9,105.1,105.6,104.2,104.9,104.1
WH.casing.tubing,vib,Vibration,mm/s,0,15,9,4.173,4.297,4.496,4.737,4.834,5.081,4.951,4.763,4.847,5.196,5.197,5.279,5.353,5.44,5.495,5.467,5.463,5.554,5.716,5.753,5.879,5.83,5.848,5.9,5.771,5.723,5.761,5.569,5.565,5.335,5.523,5.654,5.634,5.884,6.154,5.904,5.84,5.929,6.081,6.14,6.269,6.186,6.27,6.387,6.563,6.572,6.329,6.411,6.338,6.292,6.386,6.395,6.624,6.597,6.718,6.544,6.321,6.568,6.659,6.737
WH.casing.tubing,temp,Gearbox temp,C,20,120,100,74.07,73.53,73.58,73.31,73.04,73.46,73.81,73.93,73.92,73.37,73.9,73.5,73.53,73.97,73.6,74.23,73.94,73.78,73.6,73.06,73.1,73.67,73.53,73.14,73.76,73.23,73.2,73.43,73.54,73.97,73.96,73.45,73.57,73.42,73.51,73.22,73.33,73.06,73.36,73.49,73.22,73.35,74.21,74.1,73.68,73.29,73.43,72.78,73.04,73.15,73.64,73.84,73.8,73.78,74.13,74.49,74.81,74.96,74.61,74.34
AL.pj,flow,Flow,m3/h,0,400,360,242.6,242.2,242.3,242.8,245.7,243.9,245.5,247.3,244.9,246.4,245.9,244.5,242.5,245.4,248.1,246.2,240.7,241,243,245,245.2,246.3,249.3,248.7,248.7,245.4,246.1,241,242.5,240.9,235.3,232.4,232.8,233.8,232,233.9,232.3,231.5,229.7,228,228.7,229.4,227.5,227.6,227.5,227.2,228.7,228.3,227.5,228,232.5,234.6,232,229.1,230.2,228.3,230.3,230,231.9,235.8
AL.pj,disch_p,Discharge pressure,bar,0,60,52,36.13,35.84,35.8,35.7,35.21,35.75,35.85,35.71,35.43,35.12,35.28,35.35,34.67,34.05,34.38,34.57,34,33.79,34.18,34.31,34.89,34.48,34.25,34.18,34.46,34.08,33.71,33.3,33.32,33.9,33.45,32.93,32.76,32.3,32.29,33,32.98,32.6,33.04,33.12,33.56,33.46,33.41,33.24,33.01,33,33.41,33.88,33.97,34.58,34.09,34.36,34.66,34.91,35.29,35.02,35.19,34.56,33.58,33.83
AL.pj,vib,Vibration,mm/s,0,12,7.1,1.822,2.068,2.133,2.125,2.14,2.406,2.26,2.564,2.735,2.745,2.934,2.961,3.083,3.094,3.401,3.236,3.271,3.463,3.447,3.539,3.226,3.129,2.791,3.209,3.176,3.269,3.149,3.037,3.307,3.126,3.019,3.024,3.044,3.039,3.123,2.979,2.778,2.753,2.711,2.622,2.761,2.817,2.583,2.536,2.444,2.169,2.032,2.146,1.922,1.742,1.433,1.52,1.52,1.344,1.296,1.462,1.388,1.83,2.005,2.228
AL.pj,brg_t,Bearing temp,C,20,110,85,55.44,55.29,54.97,55,55.11,55.67,55.21,55.38,55.28,55.11,55.29,56.05,55.9,55.56,55.01,55.01,55.26,54.62,52.96,53.51,53.74,53.82,52.88,53.12,52.66,53.11,53.75,54.02,53.52,53.13,53.04,52.46,52.53,52.86,53.85,53.82,53.77,53.11,52.79,53.63,52.45,51.74,51.61,51.7,52.08,51.86,52.02,51.81,52.95,52.54,52.31,51.44,51.38,52.43,52.23,52.05,51.83,51.83,51.71,51.23
AL.pj.base,hook_load,Hook load,t,0,500,450,182.4,182.3,183.2,182.7,183.8,180.6,181.6,181.7,178.8,177.2,176.9,176.4,176.9,178.2,177.2,178.1,179.5,180.4,179,178.6,177.9,175.8,175.4,176,179.4,181.3,180.3,180.6,180.4,180.8,182.1,181.7,181.9,181.2,183,182.5,182.9,185.3,185.4,185.1,185.5,185.4,185.1,185.5,185.9,186,185.7,185.6,182,182.1,182.6,184,184.3,185.8,186.4,189.3,184.7,184.2,182.9,184.5
AL.pj.base,speed,Drum speed,rpm,0,120,100,59.68,59.39,59.38,60.16,60.68,60.85,60.15,59.05,59.25,59.92,61.03,61.42,60.62,60.29,59.42,59.05,58.82,58.48,58.86,58.26,57.06,56.95,56.63,57.73,58.15,58.99,58.9,59.07,59.64,60.02,59.85,59.4,59.2,59.29,60.17,59.55,59.1,58.05,58.5,58.43,58.7,59.24,59.41,59.37,59.6,58.74,59,58.62,58.92,58.27,57.33,56.96,57.04,56.36,55.29,53.53,52.91,52.07,51.21,50.83
AL.pj.base,brake_t,Brake disc temp,C,20,220,180,147.6,147,147,146.9,147,147.7,148.4,148.3,150,150.1,151.8,154.1,153.7,154.1,154.3,154.5,153.8,154.5,152.9,151.9,151.1,150.5,148.6,147.5,145.9,146.5,147.8,147.2,147.4,146.5,146,147.1,145.9,146.2,146.5,146.9,146.7,145.3,145.7,146.2,149.1,148.8,149.1,148.7,148.9,148.6,149.1,148.7,148.7,149,150,151,150.1,148.9,147.7,150.6,148.8,147,145.6,146.7
AL.pj.base,ton_mi,Line ton-miles,t-mi,0,1500,1400,1240,1240,1241,1241,1242,1242,1242,1241,1241,1241,1241,1241,1241,1241,1241,1241,1241,1241,1241,1241,1241,1241,1241,1241,1241,1241,1240,1240,1240,1241,1241,1240,1240,1239,1240,1240,1240,1240,1240,1240,1240,1240,1240,1239,1239,1239,1239,1239,1239,1238,1238,1238,1238,1238,1238,1238,1238,1238,1238,1238
AL.pj.beam,hook_load,Hook load,t,0,500,450,191.9,191.9,190.2,190,189.6,190,192.7,193,195.1,196.5,195.4,195.3,196.3,196.5,197.4,197.4,198.8,195.3,197.3,198.5,199.9,199.2,201.1,203,204.8,206.4,204.8,204.2,205.2,204.6,205.5,206.1,206.6,206.4,207.4,206.2,203.9,204.4,202.7,203.1,203.3,201.7,201.8,202.8,201.2,201.1,201.7,202,200.9,201.7,200.1,197.5,196.8,195.5,196.5,195.1,194.8,193.7,195.5,196
AL.pj.beam,speed,Drum speed,rpm,0,120,100,60.73,60.76,60.08,60.49,60.61,61.55,62.4,63.42,64.8,64.72,65,66.28,65.29,65.91,65.74,65.07,64.42,64.63,64.46,64.85,65.56,66.59,65.96,66.2,65.48,65.55,65.14,65.95,65.37,65.01,64.42,64.2,64.37,64.22,64.73,64.93,65.11,66.15,66.25,66.29,65.9,64.6,64.02,64.69,64.16,63.21,63.3,64.27,64.16,62.97,63.13,63.66,63.2,62.82,61.62,61.16,60.65,60.74,60.64,61.68
AL.pj.beam,brake_t,Brake disc temp,C,20,220,180,150.6,150.6,153,152.8,153.8,153.9,155.5,157,156.6,157.1,157,156.2,157,156.2,156.7,159.1,159.1,158.4,158.3,157.6,158.4,159.9,160.2,159.2,157.9,158.1,158.3,158.6,160.1,159,156.2,156.3,157.8,157.1,157.6,157.7,157.2,156.2,156.4,156.5,154.9,156.8,156.1,155.9,154.7,155.9,153.8,153.3,151.9,150.7,152,151.4,150.8,148.6,150.5,150.4,150,150.2,148.8,150
AL.pj.beam,ton_mi,Line ton-miles,t-mi,0,1500,1400,1240,1239,1239,1239,1239,1239,1239,1239,1239,1239,1239,1239,1239,1239,1239,1239,1239,1239,1239,1239,1239,1239,1239,1239,1238,1238,1237,1237,1237,1237,1237,1236,1236,1236,1236,1236,1236,1236,1236,1236,1236,1236,1236,1236,1236,1236,1236,1236,1236,1236,1236,1236,1236,1236,1235,1236,1236,1236,1236,1235
AL.pj.horsehead,pos,Valve position,%,0,100,,72.69,72.75,72.68,72.7,72.75,72.67,72.87,73,73.06,72.86,72.99,73.01,73.03,73.08,73.09,73.06,73.1,73.15,73.03,73.02,73,72.84,72.72,72.85,72.74,72.9,72.87,72.67,72.76,72.99,72.94,72.92,72.95,72.99,73.15,73.13,72.98,73.09,73,73.1,73,73.04,73.19,73.03,73.19,73.19,73.28,73.33,73.32,73.29,73.49,73.5,73.55,73.63,73.71,73.72,73.77,73.77,73.74,73.9
AL.pj.horsehead,up_p,Upstream pressure,bar,0,350,320,183.3,184.1,184,183.9,183.6,184.7,186.2,187.2,186.9,187,186.5,186.3,184.3,185.6,185.7,186.6,188,190,189.3,188.7,190,190.5,190.1,188.3,188.4,188.7,189.2,189.7,189.9,190.8,190.2,190.4,189.7,191.2,192.1,193.4,194.1,193.3,194.6,196.2,196.2,198.9,197.2,197.5,198.3,199.2,199.1,198.7,199.3,200.8,199.5,198.3,196.4,197.8,198,198.7,198.4,198.9,198.3,200.2
AL.pj.horsehead,dn_p,Downstream pressure,bar,0,350,,96.5,96.52,95.72,95.72,95.25,94.73,95.26,95.62,95.31,95.66,95.21,94.73,94.7,94.96,95.21,95.5,95.49,95.98,95.1,94.76,94.55,94.38,93.72,93.91,94.1,94.12,94.37,95.18,94.83,94.85,95.47,95.84,96.4,96.58,95.99,94.67,95.71,96.03,95.46,95.26,94.12,94.78,94.06,94.59,94.74,94.62,94.86,94.6,94.36,94.79,94.54,94.47,94.83,94.84,94.99,93.94,93.91,93.33,93.66,93.89
AL.pj.horsehead,temp,Body temp,C,0,120,100,41.66,41.95,41.82,41.35,41.18,41.09,40.92,40.74,40.61,40.38,40.57,40.87,40.69,40.84,40.81,40.77,40.61,40.48,40.52,40.26,40.24,40.38,40.22,40.4,40.13,40.15,40.08,39.99,39.97,39.96,40.03,40.05,39.81,40.02,40.26,40.23,40.22,40.09,40.4,40.07,40.12,39.95,39.77,39.5,39.4,39.07,38.86,38.71,38.47,38.37,38.08,38.23,38.33,38.54,38.33,38.5,38.62,38.83,39.43,39.63
AL.pj.crank,hook_load,Hook load,t,0,500,450,181.9,181.4,182.4,181.7,181.1,182,183,182.7,182.2,182,183.1,181.4,182.5,179.8,179.5,177.8,177.3,177.4,174.9,175.3,175.8,176.1,178.2,179.4,178.8,179.1,178.5,176.5,176.9,175.7,176.2,178.1,179.7,178.2,175.4,175.8,174.4,175.1,176.7,176.9,174.7,175.1,174.3,175.5,175.5,175.8,178.2,177.8,177.8,179.4,179.8,181.1,181.1,180.6,180.8,179.4,178.9,178.3,174.2,177.4
AL.pj.crank,speed,Drum speed,rpm,0,120,100,62.41,63.08,63.21,63.05,62.79,62.93,63.89,64.75,64.41,63.81,64.19,64.53,65.08,64.55,64.84,65.42,65.32,65.04,65.43,65.16,66.17,67.18,67.32,67.8,68.58,68.53,69.01,69.7,69.55,70.48,70.8,71.11,71.26,70.56,70.28,70.99,70.93,70.41,69.58,69.8,69.61,69.58,70.02,71.39,71.56,71.99,72.76,71.84,71.5,70.82,71.71,70.15,69.66,69.83,69.73,70.27,71.28,70.53,71.2,70.74
AL.pj.crank,brake_t,Brake disc temp,C,20,220,180,146.6,145,145.1,146.8,148.3,147.7,149.2,149.1,149.8,151.3,149,148.1,147.7,147.8,147.7,145.7,145.6,145.9,149.1,148.9,147.5,147.9,146.9,148.1,147.7,148.9,148.5,147.7,147.6,148.5,148.7,147.8,147.2,147,145.7,147.4,148.1,149.1,149.5,148.9,149.7,149,149.9,150.6,151.5,152.8,152.6,151,149.9,150.9,149.3,150.3,149.9,149.5,148.8,149.5,150.7,150.4,152.2,151.7
AL.pj.crank,ton_mi,Line ton-miles,t-mi,0,1500,1400,1239,1239,1239,1240,1240,1240,1240,1239,1239,1239,1239,1239,1239,1238,1239,1239,1240,1239,1240,1240,1240,1240,1240,1240,1240,1240,1240,1240,1240,1241,1240,1240,1240,1240,1241,1240,1240,1240,1241,1240,1240,1241,1241,1240,1240,1240,1240,1241,1240,1240,1241,1240,1240,1240,1240,1240,1240,1240,1240,1241
AL.pj.reducer,hook_load,Hook load,t,0,500,450,192.8,194.5,194.9,197.7,196.8,198,199.6,201,198.9,198.1,198.6,199.7,198.2,198.2,196.3,196.1,199.4,199.9,202.7,202.8,202.8,204,205.2,206.1,206,204.7,207,208.5,208.9,206.4,206.9,207.8,207.3,207.9,208.1,208.7,206.3,206.8,207.6,207.7,208.2,209.7,208.8,209.6,207.2,207.7,206.7,207.8,208.8,209.9,210.5,210,211.8,212.1,214.9,214.5,214.6,216.2,218.4,219.9
AL.pj.reducer,speed,Drum speed,rpm,0,120,100,58.34,57.69,57.95,58.24,58.7,57.65,56.58,56.67,55.46,55.97,56.06,57.3,57.1,55.01,54.47,53.7,53.33,53.18,52.58,52.6,52.93,52.75,53.09,54.05,53.96,53.21,53.19,54.1,55.06,54.57,55.04,56.39,56.76,57.67,57.93,55.99,56.87,57.17,56.77,57.43,57.89,58.02,58.15,59.29,58.27,57.91,57.01,56.54,57.81,57.89,57.17,57.25,55.78,56.92,57.22,55.42,54.93,55.09,54.87,54.25
AL.pj.reducer,brake_t,Brake disc temp,C,20,220,180,154.1,152.6,153.3,154.3,155.6,157.1,155.8,156,156.5,157.5,158.6,158.8,159.3,159.5,159.4,159.8,160.1,159.9,161.1,161.9,164.1,163.2,162.8,164,163.1,163.2,163.3,163.9,165.1,164.7,165.6,165.6,167,166.7,168.7,169.9,169.6,170.3,171.3,173.6,174.1,174.2,173.4,173.2,173.5,174.1,175.5,175.6,176.1,175.3,176,176.7,177.5,176.7,176.2,177.1,176.3,175.4,175.7,176.5
AL.pj.reducer,ton_mi,Line ton-miles,t-mi,0,1500,1400,1240,1240,1240,1240,1240,1240,1240,1240,1240,1240,1241,1241,1241,1241,1241,1241,1241,1242,1242,1242,1241,1241,1241,1241,1241,1241,1242,1242,1242,1241,1241,1241,1242,1241,1241,1241,1240,1241,1240,1240,1239,1240,1240,1239,1240,1239,1239,1239,1239,1240,1240,1239,1239,1239,1239,1239,1238,1238,1238,1238
AL.pj.motor,current,Current,A,0,900,800,400.7,403,400.3,403.8,402.9,406.9,407.9,407,409.4,403.8,405.2,406.1,410,411.4,412.6,412.6,411.7,411.1,407.9,408.4,406.3,405.9,405.2,407.5,406.3,410.5,411.8,412.4,416.2,416.1,416.6,415.8,414.4,412.6,414.2,412.1,411.5,408,411.9,413.3,418.2,420.9,423.2,420,420.1,420.6,422.4,422.6,421.4,425.9,425.5,420.4,414.1,412.9,413.5,418.4,418.6,415,410.2,411
AL.pj.motor,winding_t,Winding temp,C,20,160,140,87.01,87.12,87.36,87.8,87.39,86.47,86.57,87.81,88.69,88.59,88.04,87.76,87.76,87.69,87.92,87.97,88.79,88.73,89.23,89.03,89.4,89.26,89.27,89.41,89.29,90.08,90,90.85,90.95,90.4,90.5,90.71,91.28,91.94,90.85,90.61,90.7,90.74,90.83,91.17,90.69,90.2,90.17,90.74,90.36,90.3,89.95,89.34,89.13,89.46,90.53,90.62,90.29,89.75,89.47,89.41,89.53,88.83,88.54,88.52
AL.pj.motor,vib,Vibration,mm/s,0,12,7.1,2.159,2.251,2.291,2.445,2.422,2.332,2.22,2.249,2.338,2.365,2.454,2.598,2.787,2.766,2.692,2.854,2.808,2.907,2.757,2.664,2.822,2.661,2.723,2.731,2.721,2.525,2.457,2.517,2.393,2.35,2.282,2.32,2.479,2.402,2.387,2.277,2.273,2.493,2.748,2.937,2.877,2.764,2.896,2.643,2.641,2.498,2.279,2.378,2.429,2.321,2.292,2.257,2.264,2.136,2.281,2.26,2.27,2.297,2.376,2.234
AL.pj.motor,load,Load,%,0,100,95,73,73.3,73.66,73.07,72.52,72.55,72.99,72.97,74.29,75.2,75.34,76.1,76.49,75.22,75.93,76.42,76.44,77.79,78.33,78.19,78.29,77.47,77.03,76.58,77.2,78.51,77.69,77.64,77.35,76.71,77.24,76.72,77.71,77.87,78.7,79.12,79.3,79.2,78.82,78.96,79.22,78.67,77.51,77.63,76.85,77.81,78.27,78.22,77.95,77.93,77.6,77.32,79.03,78.78,78.87,79.62,79.67,79.65,79.28,79.99
AL.rods,flow,Flow,m3/h,0,400,360,243.1,240,239.7,239,236.2,240.2,237.4,237,237.1,237.3,232.5,228.4,229.3,229.3,230,226.6,228.4,231,236,233.6,231.8,232.3,232.3,229.3,224,227.9,225.1,223.4,219.1,217.7,217.7,214,215,215.1,215.1,216,218.2,219.8,220.6,221.4,221.7,223.1,220.3,219.1,221,223.1,225.4,229.8,235.3,234.5,234.2,232.8,236.1,235.9,234.3,237.6,236.6,238.6,239.5,240.5
AL.rods,disch_p,Discharge pressure,bar,0,60,52,37.5,37.28,37.04,37.66,37.77,38.06,38.04,38.14,38.68,39.19,39.47,38.75,38.63,38.91,39.39,38.4,38.69,38.91,39.31,39.31,39.73,39.54,39.37,39.33,39.63,38.93,39.08,39.63,40.13,40,39.66,39.5,39.6,39.84,40.17,40.49,39.95,39.97,39.49,38.97,38.85,38.43,38.06,37.58,37.61,37.8,37.39,37.74,37.6,37.15,36.28,36.93,36.97,37.68,37.27,37.4,37.63,37.94,37.88,38.36
AL.rods,vib,Vibration,mm/s,0,12,7.1,2.761,2.725,2.576,2.886,3.108,3.192,3.226,3.427,3.538,3.392,3.205,3.213,3.374,3.648,3.68,3.994,4.068,4.136,4.127,4.099,4.286,4.588,4.561,4.508,4.835,4.868,4.437,4.264,4.078,4.22,3.799,3.627,3.789,3.506,3.764,3.893,3.978,3.887,3.686,3.727,3.949,3.941,4.186,4.279,3.8,3.863,3.916,3.705,3.819,3.613,3.746,3.478,3.381,3.381,3.21,3.317,3.364,3.199,3.247,3.361
AL.rods,brg_t,Bearing temp,C,20,110,85,59.45,60.25,59.91,59.87,60.33,60.13,60.59,60.53,60.43,60.35,60.08,59.84,60.18,61.17,61.32,61.69,62.19,62.13,61.84,60.99,61.64,62.08,62.03,62.21,61.91,61.01,61.54,62.17,61.13,61.56,61.63,61.33,60.94,61.61,61.72,62.75,62.54,62.12,61.58,62.27,61.79,61.5,61.67,61.26,61.9,62.29,61.53,61.82,61.76,61.2,62.15,61.45,61.93,61.29,59.78,58.92,59.5,60.02,60.3,60.98
AL.esp,temp,Temperature,C,0,120,100,47.27,47.63,48.03,47.3,47.67,47.79,48.41,48.83,48.75,48.97,49.15,48.56,48.47,48.5,48.28,48.28,48.56,48.78,48.91,48.71,48.71,48.67,48.34,47.99,47.43,47.52,47.74,47.68,48.01,47.97,48.33,48.1,47.82,47.57,47.66,47.7,47.57,47.5,47.69,47.11,47.11,47.26,47,46.98,47.21,47.23,46.73,46.46,46.32,46.29,46.91,46.85,47.4,47.26,47.7,47.44,46.7,46.57,46.99,47.29
AL.esp,vib,Vibration,mm/s,0,12,7.1,1.57,1.528,1.457,1.411,1.606,1.449,1.461,1.201,1.049,1.048,1.006,0.9452,0.9398,0.6631,0.8448,0.7572,0.6793,0.8359,0.9012,0.8491,1.087,1.058,0.8354,0.9789,0.8684,0.8134,0.8864,0.9492,0.9766,1.072,0.9523,0.9192,0.5132,0.7576,0.6761,0.714,0.825,0.6243,0.5314,0.5882,0.4402,0.2841,0.4818,0.5387,0.5879,0.4997,0.471,0.7844,1.025,0.9896,0.7002,0.6489,0.7774,0.8133,0.8486,0.919,0.7187,0.947,1.007,0.8793
AL.esp,load,Load,%,0,100,95,55.1,55.29,56.46,57.04,56.42,56.14,54.99,54.78,54.61,54.85,54.77,55.19,56.1,56.24,55.63,55.21,54.59,54.57,54.04,54.42,55.32,55.88,56.12,56.05,57,56.07,56.68,55.14,56.01,55.19,54.66,54.52,54.53,54.1,53.44,54.15,54.82,54.95,56.09,55.76,56.25,57.44,57.04,56.99,56.67,57.27,57.56,57.32,58.65,58.37,59.51,59.03,58.32,57.37,57.59,55.88,55.62,55.02,53.85,53.43
AL.esp.vsd,current,Current,A,0,900,800,428.2,422.8,423,422.8,423.4,422.8,423.8,423.9,425.8,420.8,423.1,419.4,417.1,416.7,418.4,419,417.7,423.8,427.9,427.5,429.8,435.1,439.2,437.6,432.6,432.4,431.9,430.2,424.1,422.6,422.1,424.3,426.3,425.7,423.8,422.2,423.3,417.7,414.7,413.4,411.9,415.3,414.9,416.6,419.6,421.8,422.1,419.2,420.1,416.7,420.6,421.1,421.3,417.5,414.5,422.8,424.7,422.2,425.4,421.4
AL.esp.vsd,winding_t,Winding temp,C,20,160,140,90.37,90.25,89.87,89.57,89.19,88.65,88.06,87.69,87.83,87,86.74,86.16,86.02,86.19,85.94,85.32,86.53,85.42,85.36,85.5,85.54,84.48,84.36,83.44,84.22,83.45,83.84,83.94,84.47,84.42,84.29,82.84,83.5,83.46,83.29,83.17,83.09,82.47,83.36,82.9,82.64,82.69,82.29,83.01,83.38,83.33,82.42,82.59,82.71,83.68,83.41,84.27,84,84.28,84.31,83.82,83.78,83.22,83.18,83.27
AL.esp.vsd,vib,Vibration,mm/s,0,12,7.1,1.858,1.832,1.867,1.717,1.729,1.558,1.526,1.297,1.324,1.566,1.442,1.427,1.38,1.295,1.316,1.134,1.166,1.24,1.509,1.543,1.968,1.848,1.79,1.799,1.895,1.756,1.795,1.661,1.525,1.194,1.31,1.406,1.429,1.654,1.855,1.898,1.931,1.834,1.89,1.929,1.819,1.664,1.367,1.478,1.04,0.9084,0.8569,0.7509,0.8301,0.799,0.9287,0.96,1.016,1.006,1.032,0.9969,0.7876,0.838,0.7688,0.8574
AL.esp.vsd,load,Load,%,0,100,95,69.59,69.55,69.93,69.84,69.57,70.85,71.24,71.18,71.21,71.33,69.79,69.77,71.13,72.38,72.41,72.69,73.05,72.5,71.32,71.31,71.21,70.78,70.74,70.65,70.93,70.54,71.01,72.04,72.26,71.88,71.7,71.27,71.12,71.02,71.95,73.44,73.32,73.29,72.99,72.49,71.91,71.5,71.97,72.86,72.38,71.48,71.69,71.57,71.62,71.65,71.22,71.15,71.73,72.17,72.18,71.28,72.16,73.11,73.38,73.1
AL.esp.jbox,air_p,Instrument air,bar,0,10,6.5,7.586,7.617,7.611,7.61,7.616,7.609,7.594,7.59,7.568,7.579,7.594,7.594,7.601,7.6,7.611,7.639,7.633,7.636,7.69,7.673,7.678,7.699,7.702,7.7,7.698,7.698,7.71,7.718,7.691,7.681,7.687,7.709,7.721,7.731,7.69,7.685,7.682,7.69,7.664,7.681,7.673,7.656,7.659,7.655,7.664,7.641,7.637,7.637,7.638,7.648,7.643,7.676,7.676,7.703,7.707,7.689,7.711,7.733,7.707,7.656
AL.esp.jbox,temp,Ambient temp,C,10,45,40,31.26,31.31,31.26,31.12,31.04,31.11,31.1,31.09,31.09,31.08,31.1,31.1,31.05,31.08,30.95,30.96,31.01,31.07,30.96,30.84,30.85,30.85,30.77,30.85,30.89,30.9,30.88,30.93,30.94,30.9,30.81,30.7,30.67,30.67,30.72,30.67,30.65,30.68,30.65,30.66,30.66,30.67,30.68,30.6,30.59,30.61,30.6,30.67,30.64,30.58,30.67,30.67,30.6,30.65,30.71,30.79,30.8,30.82,30.79,30.85
AL.esp.jbox,alarms,Active alarms,,0,50,20,3.424,3.337,3.331,3.242,3.302,3.404,3.623,3.483,3.265,3.055,3.106,3.322,3.126,3.122,3.094,3.156,3.103,3.161,3.399,3.642,3.555,3.462,3.347,3.231,2.925,3.182,3.187,2.998,3.098,3.234,2.868,2.779,2.645,2.622,2.69,2.762,2.961,2.82,2.853,2.927,2.853,2.984,3.002,3.219,3.026,3.071,3.205,3.303,3.241,3.54,3.622,3.609,3.311,3.082,3.18,3.448,3.187,3.239,3.417,3.458
AL.esp.jbox,comms,Link uptime,%,90,100,98,99.7,99.71,99.71,99.7,99.7,99.7,99.7,99.71,99.7,99.7,99.7,99.7,99.69,99.68,99.69,99.69,99.7,99.7,99.69,99.69,99.69,99.7,99.71,99.71,99.72,99.73,99.73,99.72,99.71,99.72,99.7,99.7,99.71,99.7,99.71,99.71,99.72,99.71,99.72,99.71,99.71,99.72,99.73,99.72,99.72,99.72,99.72,99.71,99.71,99.71,99.72,99.72,99.72,99.72,99.7,99.7,99.7,99.71,99.71,99.7
AL.esp.cable,temp,Temperature,C,0,120,100,47.73,47.12,47.46,47.07,46.96,47.29,46.84,47.26,46.9,47.39,47.28,47.02,47.15,47,46.95,47.45,47.37,46.83,46.64,46.22,46.56,46.75,46.39,46.17,46.61,47.14,48.17,48.32,48.43,49.02,49.48,50.08,49.83,49.54,49.21,49.59,49.59,49.49,49.83,49.62,49.43,49.75,49.5,49.52,49.1,49.28,48.6,48.65,48.71,49,48.96,49.17,49.83,50.18,49.96,49.87,49.54,49.26,49.57,49.93
AL.esp.cable,vib,Vibration,mm/s,0,12,7.1,2.825,2.954,2.741,2.632,2.823,2.896,2.851,2.833,3.001,2.934,2.937,2.926,2.809,2.751,2.785,2.802,2.756,2.802,2.516,2.442,2.248,2.391,2.505,2.656,2.735,2.622,2.614,2.495,2.541,2.633,2.643,2.602,2.602,2.823,2.803,2.562,2.707,2.587,2.555,2.406,2.208,2.281,2.519,2.448,2.484,2.426,2.209,2.297,2.243,2.125,2.238,2.15,2.353,2.422,2.437,2.54,2.564,2.624,2.601,2.875
AL.esp.cable,load,Load,%,0,100,95,58.19,57.23,56.62,56.49,55.8,55.84,55.29,55.52,55.89,56.75,55.92,55,55.18,55.32,54.84,55.07,53.59,53.74,53.95,53.98,54.54,55.3,56.14,55.7,55.68,55.64,56.63,56.1,56.7,57.31,56.87,55.94,56.02,57.14,57.54,57.65,58.73,57.99,58,57.59,57.86,57.59,57.7,57.87,57.23,56.75,56.66,56.66,56.6,56.38,54.68,54.26,53.9,53.77,53.58,52.64,53.92,53.64,54.44,52.95
AL.esp.pump,flow,Flow,m3/h,0,400,360,245.6,248.1,249.4,251.6,251.4,251.5,250.5,250.1,249.6,247.7,246.2,250.4,250.8,250.5,249.6,251.5,252.8,258.1,259.1,259.9,259.6,258,253,254.5,258.5,257.9,256.8,257.3,255.4,255,257,259.1,258.5,256,253,250.3,252,255.8,256.5,257.2,258.8,258.3,256.3,254.7,255.6,252.4,251.7,252,249.7,248.6,246.8,248.6,248.9,252.2,254.3,258.2,258.7,260.2,262,260.9
AL.esp.pump,disch_p,Discharge pressure,bar,0,60,52,35.97,36.01,35.87,36.3,35.88,35.78,36.24,36.49,36.74,37.13,37.24,36.76,36.73,37.45,36.65,36.83,36.32,36.83,37.52,37.38,37.63,37.88,38.36,38.58,38.91,38.59,39.34,40.05,40.88,40.83,41.01,40.89,40.59,40.24,39.75,39.88,38.99,39.38,39.48,39.43,39.68,39.79,39.7,39.92,39.28,38.98,38.88,38.22,38.37,38.51,37.9,37.42,37.09,37.98,38.13,38.11,37.77,38.17,38.57,38.59
AL.esp.pump,vib,Vibration,mm/s,0,12,7.1,1.659,1.678,1.915,2.332,2.903,2.9,3.18,3.083,3.077,3.346,3.085,2.816,2.567,2.867,2.747,2.56,2.377,2.381,2.36,2.517,2.585,2.917,3.192,3.172,2.973,3.339,3.38,3.482,3.756,3.396,3.585,3.692,3.57,3.514,3.448,3.476,3.493,3.301,3.354,3.34,2.951,3.065,2.832,2.921,2.881,2.719,2.719,2.702,2.419,2.253,2.52,2.796,2.826,2.885,3.11,2.863,2.743,2.709,2.845,2.829
AL.esp.pump,brg_t,Bearing temp,C,20,110,85,55.67,55.36,55.38,55.59,55.88,56.72,56.01,57.04,57.22,57.17,57.24,56.45,55.9,56.62,56.99,56.68,56.66,56.75,56.34,56.54,56.58,56.92,57.2,56.92,57.83,57.29,57.6,57.58,57.92,58.25,58.47,58.24,58.31,58.66,59.32,59.88,59.54,59.23,59.69,60.3,59.72,59.57,59.58,59.66,59.08,59.59,59.56,58.61,58.43,59.49,59.28,58.79,59.54,59.63,59.37,60.01,59.53,59.63,60.13,59.97
FL.line_a,flow,Flow,m3/h,0,800,720,322.2,324.9,327.1,324.1,323.7,323.4,322.5,322.9,320.9,320.5,320.7,322.9,322.2,326.5,327.5,326.4,326.6,331.1,330.9,330.9,330.1,331,333.2,334.1,334.4,332.3,329.2,329.1,330.6,328.4,325.1,326.2,327,324.3,327,325.8,324.6,326.2,327.2,325.7,325,325.6,326.7,329.3,330.1,331.4,332.4,330.7,329.5,328.9,325.8,327,326,326.1,325.5,323.9,325.9,328.3,329.5,331
FL.line_a,press,Pressure,bar,0,120,100,63.77,64.35,63.98,64.33,63.74,63.89,63.25,63.14,63.1,62.76,62.95,62.47,62.86,62.82,62.67,62.7,62.69,62.1,62.21,62.77,62.46,62.27,62.7,63,63.43,63.1,63.17,63.14,63.06,63.19,63.69,63.42,63.1,62.93,63.14,63.43,63.93,64.29,64.68,64.69,64.27,63.59,63.83,63.8,64.4,64.27,64.58,64.69,65.04,65.47,64.86,64.91,64.88,65.33,65.41,65.64,65.78,65.74,65.4,65.52
FL.line_a,temp,Temperature,C,-170,150,,37.61,37.62,37.55,37.9,37.94,38.4,38,38.21,38.08,38.23,38.69,38.79,38.62,38.26,38.53,38.61,38.55,38.74,38.79,39.3,39.59,39.26,39.41,39.26,38.92,38.93,38.73,38.73,38.86,38.7,38.77,38.36,38.87,38.86,39.01,38.97,38.8,39.1,39.2,39.22,39.43,39.99,40.08,39.93,39.99,40.39,40.26,39.64,39.66,39.81,39.91,40.09,39.77,39.81,39.77,39.91,40.28,39.94,39.57,39.49
FL.line_a,wall,Wall loss,%,0,30,20,6.416,6.408,6.405,6.397,6.401,6.399,6.399,6.405,6.405,6.401,6.4,6.402,6.403,6.395,6.39,6.396,6.406,6.403,6.403,6.409,6.41,6.412,6.425,6.44,6.441,6.445,6.438,6.445,6.451,6.457,6.454,6.457,6.463,6.461,6.467,6.461,6.449,6.439,6.444,6.445,6.435,6.429,6.432,6.426,6.438,6.445,6.443,6.449,6.453,6.451,6.463,6.456,6.464,6.465,6.46,6.461,6.46,6.451,6.45,6.447
FL.line_b,flow,Flow,m3/h,0,800,720,322.8,321.4,319.8,322,321.1,323.6,324.5,323.1,324.9,324.9,322.2,321.2,323.6,323,321.7,324.9,328.3,328,329.9,333.5,333,332.2,331.4,331.3,330.2,329.7,332.6,333.7,335.5,337.4,337.6,335.1,329.5,327.4,330.5,328.4,329.5,332.4,333.6,332.6,330.7,330.2,333.4,333.8,332.6,336.2,339.5,339.1,337.2,335.5,335.1,335,334.8,335.1,336.5,338.3,338,339.5,343.2,341.9
FL.line_b,press,Pressure,bar,0,120,100,64.39,63.91,64.33,64.6,64.94,64.79,64.97,65.43,65.52,65.13,64.95,65.25,65.08,65.75,66.24,65.95,66.15,66.83,67.34,66.92,67.54,68.29,68.16,68.3,69.17,69.58,69.59,69.8,70.36,69.83,69.64,69.3,69.07,69.21,69.51,69.38,69.53,69.68,69.72,70.2,69.57,69.24,68.99,68.91,68.88,68.24,67.62,67.66,68.15,68.57,68.66,68.86,68.57,68.36,68.11,67.89,67.77,68.06,68.08,68.1
FL.line_b,temp,Temperature,C,-170,150,,38.87,38.66,38.65,38.63,38.17,38.11,38.51,38.85,39.03,38.76,39.26,38.92,38.4,38.69,38.69,38.41,38.17,38.02,38.44,38.48,38.75,38.69,38.44,38.38,38.73,39.5,39.67,39.72,39.93,40.03,39.83,39.63,39.8,39.49,39.36,39.31,38.95,38.16,38.03,38.22,38.44,38.39,38.63,38.82,38.57,38.83,38.76,38.89,39.1,38.56,38.89,38.85,39.08,39.11,39.16,39.01,39.37,39.32,39.52,39.31
FL.line_b,wall,Wall loss,%,0,30,20,6.446,6.455,6.467,6.482,6.475,6.473,6.469,6.463,6.468,6.474,6.491,6.498,6.483,6.491,6.497,6.511,6.51,6.514,6.514,6.512,6.517,6.502,6.496,6.484,6.483,6.487,6.489,6.483,6.474,6.479,6.477,6.483,6.492,6.489,6.495,6.5,6.497,6.489,6.484,6.487,6.484,6.475,6.478,6.477,6.467,6.466,6.461,6.458,6.455,6.452,6.451,6.45,6.468,6.477,6.474,6.458,6.455,6.447,6.454,6.465
FL.manifold,pos,Valve position,%,0,100,,72.23,72.06,72.14,72.18,72.11,72.12,72.13,72.12,72.25,72.14,72.21,72.12,72.19,72.36,72.29,72.39,72.48,72.46,72.69,72.68,72.78,72.74,72.66,72.77,72.88,72.85,72.84,72.89,72.81,72.75,72.7,72.74,72.76,72.81,72.72,72.71,72.78,72.85,72.72,72.63,72.66,72.64,72.65,72.61,72.84,72.85,72.82,72.67,72.76,72.83,72.87,72.73,72.74,72.91,73.08,73.01,72.91,72.9,72.77,72.74
FL.manifold,up_p,Upstream pressure,bar,0,350,320,186.6,187.4,186.7,186.2,185.9,185.8,184.9,185.4,187.3,186.3,186.5,185.3,187.1,188,188.6,190,189.1,190,191.2,191.4,191.5,191.8,191.7,190.9,190.2,191.2,191.3,189.7,190.3,191.6,191.4,191.6,191.2,190.7,192.8,193.8,195.7,195.1,196.1,193.9,195.2,193.5,193.5,192.3,192.5,192.6,190.4,188.8,189.1,187.5,186.9,186.4,185.5,185.5,184.3,184.9,185.2,184.7,186.3,185.9
FL.manifold,dn_p,Downstream pressure,bar,0,350,,93.89,92.97,92.88,92.33,92.69,92.21,90.67,90.5,90.4,90.5,90.16,90.2,90.52,89.91,90.84,90.68,91.23,91.72,91.1,91.8,90.6,90.15,90.04,90.03,90.15,91.23,91.53,91.29,91.6,91.39,91.28,91.1,91.06,90.52,91.6,91.89,92.77,92.97,93.28,92.6,92.53,92.2,93.33,93.37,92.73,93.45,93.29,93.22,93.59,93.3,94.05,93.28,93.76,95.32,94.97,95.07,95.34,96.15,96.02,95.88
FL.manifold,temp,Body temp,C,0,120,100,40.65,40.89,41.18,41.21,40.99,40.8,40.89,40.99,41.23,41,41.16,41.05,41.34,41.46,41.7,41.65,41.72,41.75,41.96,42.21,42,42.24,42.73,42.69,42.64,42.66,43.11,43.16,43.09,42.77,43.26,43.34,43.37,43.63,43.72,43.61,43.57,43.47,43.35,43.16,43.2,43.17,42.94,43.12,43.28,43.03,43.07,43.39,43.39,43.6,43.5,43.8,43.96,43.74,44.05,44.06,44.13,44.13,44.11,43.94
FL.esd,pos,Valve position,%,0,100,,71.64,71.55,71.67,71.43,71.38,71.44,71.4,71.37,71.42,71.45,71.32,71.3,71.28,71.36,71.25,71.21,71.02,71,71.02,71,70.92,71,70.95,71.01,71.08,71.15,71.1,71.18,71.51,71.64,71.66,71.63,71.6,71.67,71.55,71.61,71.58,71.65,71.58,71.63,71.72,71.63,71.54,71.49,71.44,71.49,71.54,71.78,71.73,71.67,71.66,71.68,71.74,71.68,71.66,71.58,71.63,71.75,71.86,71.78
FL.esd,up_p,Upstream pressure,bar,0,350,320,182.5,181.6,181.6,180.4,180.7,180.9,180.7,181.9,181.3,181.1,179,178.3,179.2,177.5,179.1,180,179.9,178.7,178.8,179.3,180.1,178.6,178.2,177.2,177.5,178.9,179.3,179.8,178.1,177.7,177.6,178.2,178.1,178.3,178.6,178.6,178.3,178.2,178.5,177.4,177,176.9,177,176.8,177.2,177.3,177.7,177.5,178.5,178.2,178.8,178.6,178.4,180.2,180.2,182.4,182.3,180.5,180.2,181.3
FL.esd,dn_p,Downstream pressure,bar,0,350,,97.5,97.39,97.76,97.45,97.37,97.46,97.32,97.56,95.84,96.09,96.05,96.36,95.44,95.68,95.79,94.66,94.1,93.47,93.46,93.63,94.06,93.87,93.78,93.34,93.8,94.41,94.5,93.29,93.17,93.74,94.17,93.36,92.55,93.11,92.7,93.36,93.56,92.9,93.24,93.45,93.57,92.2,91.97,91.88,91.92,92.49,92.37,93.19,93.19,93.52,93.85,94.73,94.71,94.13,94.76,94.3,95.42,95.59,95.4,95.51
FL.esd,temp,Body temp,C,0,120,100,42.01,42.06,42.08,42.11,42.25,42.15,42.49,42.19,42.64,43.04,43.09,43.06,43.57,43.45,43.84,43.61,43.87,43.75,44.12,44.22,44.22,43.97,43.72,43.82,43.99,44.04,43.62,43.76,43.81,44.05,44.28,44.24,44.44,44.45,44.52,44.8,44.72,45.2,45.26,45.17,45.22,45.23,45.36,45.36,44.95,44.78,44.97,44.76,44.6,44.74,44.89,44.86,44.77,44.91,45.03,44.92,44.97,45.14,45.07,44.99
FL.pig,flow,Flow,m3/h,0,800,720,323.5,322.3,323.8,328.4,329.3,330,330.9,333.3,331.8,331.4,332.5,331.9,331.2,328.9,326.4,326.3,324.2,324.6,327.7,329.9,329.2,329.1,328.4,330.1,330.1,332.8,336.4,334.7,335.8,339.6,340.6,340.8,338.5,336.2,332.1,330.4,329.6,334.1,337,338.3,338.6,338.8,338.4,336,335,334.8,336.9,339.2,342.9,342.5,340.6,343,339.9,337.1,337.5,342.2,338.6,336.3,336.2,340.3
FL.pig,press,Pressure,bar,0,120,100,62.04,61.96,61.78,62.06,62.29,62.79,62.58,62.49,62.33,62.97,63.3,63.47,62.83,63.08,63.52,63.71,63.21,63.22,62.58,62.47,62.84,62.76,62.4,62.33,62.66,62.82,62.85,62.84,62.09,62.41,61.95,62.08,61.85,62.39,62.53,62.34,62.49,62.46,62.33,63.26,62.96,63.26,63.15,63.32,63.47,63.44,63.8,63.74,63.34,63.37,63.3,63.39,63.51,63.42,63.07,62.67,62.19,61.35,61.35,61
FL.pig,temp,Temperature,C,-170,150,,37.21,37.43,37.31,37.19,36.99,37.41,36.82,36.9,37.25,37.64,37.25,37.18,37.39,37.6,37.25,37.05,37.22,37.31,37.82,37.69,37.82,38.2,38.27,38.56,38.65,38.95,39.02,39.05,39.34,39.21,39.67,40.14,40.18,40.37,40.59,40.82,40.57,41.03,41.41,41.61,41.49,41.35,41.12,41.09,41.08,41.01,40.94,41.02,40.91,40.44,40.36,40.23,39.99,40.25,40.39,40.41,40.5,40.88,40.63,40.6
FL.pig,wall,Wall loss,%,0,30,20,6.406,6.405,6.412,6.417,6.425,6.432,6.43,6.435,6.442,6.433,6.427,6.422,6.423,6.436,6.432,6.422,6.435,6.441,6.442,6.445,6.453,6.447,6.454,6.462,6.463,6.454,6.465,6.473,6.465,6.481,6.483,6.486,6.482,6.484,6.493,6.482,6.481,6.486,6.488,6.477,6.476,6.466,6.471,6.459,6.45,6.447,6.442,6.444,6.432,6.432,6.429,6.423,6.425,6.426,6.422,6.429,6.419,6.418,6.425,6.443
FL.chem,temp,Temperature,C,0,120,100,44.21,44.17,44.22,44.95,44.84,45.23,45.39,45.39,45.3,45.22,45.03,45.43,45.14,45.52,45.53,45.68,45.17,45.42,45.19,45.03,45.22,44.67,44.71,44.49,44.28,43.84,44.32,44.16,43.97,44.02,43.61,42.9,42.52,42.72,42.63,43.01,42.58,42.38,42.12,41.72,41.74,41.85,41.97,41.89,41.71,41.41,40.91,41.3,41.24,41.44,41.53,41.66,41.44,41.42,41.98,41.54,41.62,41.48,41.5,41.29
FL.chem,vib,Vibration,mm/s,0,12,7.1,1.795,1.708,1.531,1.341,1.438,1.388,1.224,1.127,1.066,0.8591,1.017,1.048,1.078,0.8986,0.9185,0.8332,0.8041,0.7649,0.622,0.6281,0.5458,0.5201,0.5363,0.3336,0.321,0.5313,0.4959,0.4162,0.2769,0.2387,0.1501,0.02929,0,0.3152,0.2995,0.1662,0.1202,0.2267,0.2259,0.501,0.6101,0.8119,0.7662,0.803,0.5783,0.4293,0.3333,0.4245,0.4045,0.3614,0.1373,0.09436,0,0,0,0,0,0,0,0
FL.chem,load,Load,%,0,100,95,61.33,60.7,60.91,59.48,59.4,60.01,60.04,59.65,58.52,59.12,58.78,58.42,58.8,58.86,59.3,58.91,59.28,59.45,59.14,58.5,57.46,56.99,56.46,55.57,55.18,54.72,54.95,54.72,54.99,54.77,55.4,56.18,55.24,55.53,55.51,54.83,55.59,56.36,56.16,56.3,56.5,56.7,56.14,56.07,56.09,56.14,55.78,55.57,56.36,56.61,57.07,57.18,56.7,57.69,57.12,58.23,57.8,59.64,58.91,58.77
FL.rack,flow,Flow,m3/h,0,800,720,312.6,313.4,311.8,310.3,312.3,311.4,313.4,314.9,316.5,317.7,318,319.5,316.6,315.7,316.2,314.1,315.6,316.5,316,319.9,319.4,316.8,319.3,318.8,320,320.4,320.3,319.2,318.4,317.6,319.3,316.6,315.3,314.7,312.4,313.4,314.9,315.3,315.3,309.3,307.5,306.3,309.7,309.9,307.7,308.6,309.8,311,310.3,307.8,306.1,305.6,306.3,305.1,307.3,308.4,309,307.3,305.3,303.1
FL.rack,press,Pressure,bar,0,120,100,65.03,65.35,65.44,65.62,65.89,65.69,66.21,66.02,66.02,66.64,66.36,65.83,65.57,65.23,64.9,64.93,65.56,65.66,65.4,65.47,65.21,64.83,64.46,64.29,64.83,65.07,65.79,65.73,66.24,65.47,64.99,65.24,64.85,65.01,65.81,65.29,65.32,65.49,65.33,65.66,64.82,64.97,65.02,64.72,64.62,64.38,64.95,65.34,65.43,65.56,65.78,65.99,66.15,66.28,66.04,66.36,66.12,65.85,65.39,65.17
FL.rack,temp,Temperature,C,-170,150,,36.43,36.57,35.99,36.06,36.01,36.07,35.77,35.46,35.76,35.57,36,35.64,35.67,35.51,36,36.19,36.41,35.77,35.92,36.27,35.88,35.68,35.85,35.19,35.17,35.27,35.37,35.57,35.22,35.15,34.79,34.46,34.29,33.83,33.72,33.86,33.13,32.97,32.76,32.86,32.87,32.54,31.72,31.57,31.64,31.59,31.98,32.32,32.1,32.65,33.07,33.04,32.72,31.74,32.1,32.23,31.89,31.89,31.88,31.85
FL.rack,wall,Wall loss,%,0,30,20,6.385,6.383,6.372,6.371,6.367,6.376,6.375,6.386,6.395,6.4,6.398,6.404,6.4,6.403,6.399,6.394,6.392,6.386,6.378,6.375,6.37,6.374,6.368,6.361,6.351,6.353,6.361,6.365,6.361,6.356,6.349,6.351,6.356,6.356,6.356,6.358,6.356,6.344,6.337,6.339,6.338,6.329,6.333,6.331,6.331,6.339,6.346,6.345,6.349,6.347,6.346,6.338,6.332,6.324,6.325,6.318,6.315,6.316,6.304,6.302
SP.hp,level,Interface level,%,0,100,85,48.07,47.53,47.43,48.06,47.84,48.07,47.77,47.92,47.9,48.56,48.59,49.36,48.97,49.13,49.09,49.4,49.67,49.28,49.11,49.28,48.84,48.68,49,48.73,49.13,49.22,48.88,48.93,49.27,49.67,49.55,49.66,50.34,49.98,49.83,49.41,49.48,49.76,49.56,50.01,49.36,49.36,49.01,48.98,48.58,48.24,48.47,48.12,48.21,48.07,47.84,48,48.68,48.17,48.08,47.81,47.84,47.33,46.92,47.09
SP.hp,press,Pressure,bar,0,30,25,8.996,8.912,8.966,9.057,9.026,9.025,8.888,8.94,8.722,8.763,8.656,8.71,8.657,8.703,9,8.853,8.868,8.921,8.935,8.989,9.084,9.075,9.009,9.009,8.919,9.091,9.157,9.21,9.133,9.303,9.289,9.157,9.289,8.999,8.973,9.002,8.952,8.856,8.948,8.917,8.955,9.183,9.22,9.08,9.041,8.972,8.971,9.003,9.1,9.205,9.285,9.347,9.545,9.677,9.575,9.539,9.607,9.687,9.553,9.523
SP.hp,temp,Temperature,C,0,120,100,53.76,53.44,53.63,53.9,53.9,53.39,53.25,52.74,53.38,53.04,52.54,52.75,52.68,52.97,53.36,53.36,53.67,53.57,53.35,53.18,53.57,53.86,53.21,53.02,52.67,52.63,52.25,52.72,52.51,52.84,52.64,52.24,51.88,51.48,51.93,52.04,51.47,51.69,51.49,51.58,52.05,51.59,51.73,52.48,52.24,52.28,52.74,52.53,52.79,52.94,52.34,52.55,51.86,51.44,51.26,50.84,51.21,51.31,51.67,52
SP.hp,gas_out,Gas outlet,MMscfd,0,60,,23.07,23.43,23.47,22.99,22.88,22.97,23.25,23.3,22.97,22.91,22.8,23,22.9,22.93,22.82,23.24,23.29,23.46,23.41,22.77,22.67,22.8,23.18,23.34,23.35,23.14,22.81,22.54,22.75,22.66,22.47,22.88,22.84,22.5,22.39,21.85,21.68,22.02,22.66,22.5,22.44,22.19,22.19,21.92,21.76,22.2,22.21,22.07,21.85,21.44,21.44,21.02,21.14,21.82,22.01,22.09,22.35,21.95,22.01,22.1
SP.lp,level,Interface level,%,0,100,85,49.02,49.14,49,48.86,48.41,48.76,48.48,48.2,48.27,48.33,48.93,49.29,49.43,49.5,49.22,49.84,49.92,50.45,50.3,50.13,50.21,50.64,49.91,49.48,49.09,49.07,49.09,49.35,48.82,49.82,49.53,49.36,49.46,49.48,48.97,48.68,48.59,48.04,48.07,48.07,48,48.14,48.48,48.62,49,49.37,49.43,49.54,49.21,49.72,49.72,49.84,50.09,50.28,50.12,49.68,49.66,49.92,50.32,49.88
SP.lp,press,Pressure,bar,0,30,25,8.49,8.428,8.454,8.361,8.324,8.512,8.442,8.279,8.2,8.084,8.173,8.046,7.909,7.977,7.96,7.835,7.784,7.846,7.902,7.997,8.031,7.943,7.862,7.878,7.672,7.71,7.596,7.653,7.509,7.518,7.486,7.394,7.423,7.442,7.441,7.519,7.538,7.74,7.529,7.275,7.094,7.132,7.169,7.246,7.045,7.113,7.216,7.163,7.182,7.28,7.34,7.262,7.173,7.147,7.086,7.089,7.082,7.236,7.28,7.306
SP.lp,temp,Temperature,C,0,120,100,54.69,54.28,53.55,53.45,53.4,53.28,53.65,53.18,52.93,52.67,52,51.82,51.63,52.26,52.83,52.44,52.68,52.57,53.23,53.44,53.45,52.76,51.46,50.94,51.04,50.71,50.37,49.97,49.66,49.97,49.69,49.75,49.63,50.28,49.77,49.49,49.37,48.98,48.63,48.68,48.31,47.5,47.08,47.13,47.22,47.91,47.22,47.1,47,46.86,46.57,46.09,47.19,46.93,47.12,47.14,46.6,46.22,46.1,46.46
SP.lp,gas_out,Gas outlet,MMscfd,0,60,,21.88,21.69,21.4,21.46,21.36,20.97,20.84,20.49,20.42,19.94,19.4,19.02,18.92,18.35,18.69,19.39,19.76,19.78,19.39,19.01,18.92,18.51,18.46,18.1,17.44,17.05,17.19,17.24,16.44,16.44,16.39,16.36,16.32,16.62,16.93,16.69,16.8,16.56,16.53,16.47,16.62,16.53,16.97,16.62,16.43,16.26,16.35,16.05,16.18,16.58,16.81,16.25,16.42,16.13,16.12,16.52,16.75,16.93,16.94,16.84
SP.test,level,Interface level,%,0,100,85,48.5,48.17,48.28,48.4,48.36,48.88,48.95,49.52,49.02,48.94,48.83,48.51,48.56,48.65,48.84,48.97,48.76,48.62,49.12,48.92,49.16,48.78,48.13,48.54,48.45,48.97,48.93,48.96,49.29,49.14,49.24,49.24,48.67,48.14,48.02,48.34,48.36,47.71,48.36,48.82,48.4,48.16,48.14,48.36,48.38,48.64,48.79,48.63,48.81,49.06,48.42,47.65,47.87,47.82,47.74,47.88,47.57,48.08,48.44,48.51
SP.test,press,Pressure,bar,0,30,25,9.138,9.193,9.184,9.143,9.152,9.098,9.004,9.083,9.104,8.992,8.959,8.902,8.914,8.803,8.73,8.734,8.667,8.554,8.439,8.523,8.606,8.698,8.701,8.678,8.754,8.717,8.943,9.078,9.077,9.021,9.042,9.021,8.839,8.93,8.975,8.893,8.795,8.864,8.764,8.59,8.564,8.456,8.598,8.503,8.618,8.67,8.696,8.799,8.794,8.707,8.985,9.029,8.935,9.054,9.111,9.032,8.949,8.754,8.852,8.977
SP.test,temp,Temperature,C,0,120,100,53.27,53.33,53.05,53.14,52.86,53.02,53.43,52.97,53.07,53.04,53.18,52.92,52.93,53.25,53.54,53.42,53.53,53.89,53.68,53.5,53.43,53.01,52.95,53.13,53.61,53.61,53.44,53.48,53.68,53.88,54.22,53.18,53.23,53.12,53.33,52.74,52.82,52.45,52.26,51.84,51.28,50.83,50.82,50.72,51.13,51.04,50.29,50.43,50.21,50.4,50.09,49.4,49.48,49.71,50.49,50.58,50.53,50.66,50.68,50.09
SP.test,gas_out,Gas outlet,MMscfd,0,60,,21.19,21.9,22.33,22.07,22.15,22.2,22.08,22.08,21.91,22.39,22.37,22.55,22.59,21.73,21.52,21.26,21.12,21.19,21.21,20.92,21.16,20.86,20.48,20.35,20.71,20.8,20.61,20.25,19.85,19.34,19.02,19.12,19.59,19.52,19.28,19.51,19.3,18.94,19.29,19.38,19.43,19.66,19.47,19.72,19.87,19.71,19.44,19.73,19.93,20.22,20.2,20.45,20.4,20.17,20.53,20.67,20.74,20.98,21.1,21.15
SP.ht,level,Interface level,%,0,100,85,47.28,47.31,47.54,47.94,48.06,48.16,47.85,47.22,47.24,47.62,46.99,46.53,46.66,46.71,46.3,46.06,45.8,45.37,45.82,46.02,45.73,45.92,45.51,45.25,45.05,45.04,45.31,46.1,46.68,46.71,46.72,46.39,46.69,46.53,46.2,46.38,45.98,45.17,45.52,45.77,46.49,46.28,46.34,45.98,46.14,46.36,46.55,46.53,46.4,46.52,46.15,46.41,46.28,45.83,45.41,45.17,45.13,44.74,44.92,44.84
SP.ht,press,Pressure,bar,0,30,25,8.223,8.218,8.256,8.19,8.071,7.965,7.971,7.991,8.035,7.883,7.859,7.868,7.943,7.956,7.943,7.848,7.875,7.928,8.075,8.132,8.213,8.433,8.528,8.345,8.226,8.077,8.045,8.172,8.224,8.328,8.521,8.394,8.414,8.313,8.382,8.346,8.486,8.387,8.292,8.399,8.226,8.167,7.997,7.963,7.925,7.938,8.188,8.196,8.196,8.258,8.361,8.345,8.526,8.57,8.551,8.583,8.583,8.599,8.611,8.698
SP.ht,temp,Temperature,C,0,120,100,54.5,54.44,54.45,55.04,55,54.78,55.08,54.51,54.75,55.1,54.77,54.89,54.33,54.36,54.24,54.37,54.74,53.92,54.41,54.3,53.91,53.86,53.85,53.65,53.94,54.08,54.5,54.84,54.11,54.12,53.67,53.68,53.24,52.97,53.08,52.77,52.66,52.87,53.22,53.27,53.14,52.7,52.96,52.85,52.68,52.66,52.27,51.95,51.56,50.66,51.11,50.7,50.18,49.59,49.52,49.53,49.42,49.52,49.18,48.36
SP.ht,gas_out,Gas outlet,MMscfd,0,60,,21.64,21.47,21.2,21.35,21.06,21.45,21.56,21.84,21.68,22.11,22.25,21.93,21.7,21.68,21.65,21.27,21.31,21.3,20.92,21.15,21.22,21.19,21.04,21.39,21.25,20.86,20.96,21.37,21.11,20.52,20.78,20.55,20.43,20.18,20.86,20.71,20.39,20.41,20.23,20.05,20.11,20.22,20.21,20.22,19.98,20.01,19.45,19.91,20.02,20.06,20.01,19.91,20.17,20.47,20.54,20.58,21.13,20.76,20.71,21.04
SP.ht.shell,level,Interface level,%,0,100,85,48.94,48.69,48.23,48.45,47.3,46.92,46.94,47.26,47.56,48.21,48.09,48.12,47.8,47.38,48.16,47.61,48,47.46,47.76,47.99,47.96,47.87,47.3,46.92,46.9,47.17,47.68,47.22,47.22,46.58,46.7,47.07,47.51,47.35,47.16,47.26,47.57,48.22,48.32,48.35,48.52,48.66,47.64,47.88,47.52,47.65,48.02,48.18,48.44,48.66,48.24,48.52,48.81,48.98,48.96,49,48.58,49.1,48.96,48.77
SP.ht.shell,press,Pressure,bar,0,30,25,9.052,8.97,8.974,8.918,9.042,9.216,9.274,9.117,9.163,9.222,8.969,9.028,8.744,8.849,8.821,8.902,8.849,8.631,8.601,8.613,8.651,8.542,8.547,8.436,8.518,8.483,8.428,8.319,8.338,8.342,8.438,8.357,8.349,8.157,8.207,8.337,8.349,8.318,8.459,8.458,8.416,8.268,8.161,8.134,8.072,8.126,8.003,7.765,7.805,7.775,7.798,7.692,7.738,7.746,7.778,7.522,7.404,7.29,7.359,7.359
SP.ht.shell,temp,Temperature,C,0,120,100,52.74,52.64,52.91,52.95,53.06,53.48,53.77,53.92,53.57,53.64,54.03,53.77,53.61,53.48,53.73,53.76,53.87,54.02,53.24,52.57,53.18,53.95,53.44,53.57,54.18,54.12,54.65,53.85,54.06,54.23,54.3,54.41,54.22,54.63,54.91,54.66,54.96,54.7,54.37,54.01,53.78,53.71,53.73,54,54.02,54.34,54.1,54.54,54.67,54.53,54.65,53.81,53.87,53.42,53.48,53.34,53.05,53.06,53.05,53.25
SP.ht.shell,gas_out,Gas outlet,MMscfd,0,60,,22.92,22.74,23.08,22.85,22.89,22.94,22.73,22.21,22.69,21.96,22.06,21.59,22.06,21.64,21.66,21.49,21.54,21.89,21.69,22,21.98,21.6,21.65,21.36,21.35,21.12,20.77,20.4,20.57,20.89,20.83,20.71,20.51,20.46,20.97,20.54,20.62,20.2,20.67,20.6,20.85,21.41,21.3,21.3,21.13,20.63,20.7,20.38,19.97,19.79,20.01,20.2,20.43,20.52,20.17,19.7,20.04,20.16,20.19,20.59
SP.ht.burner,out_t,Outlet temp,C,100,480,450,366.3,366.8,367,367.1,368.9,367.6,366.8,367.3,367.6,368.2,368.8,367.4,368.8,368.3,369.1,367.4,369.2,371.1,371.3,370.4,370.6,372.2,372.1,369.9,370.6,370.5,370.9,371,373.4,372.7,373.3,371.2,372.9,372.4,372.6,371.8,372.6,372.6,372.6,372.6,373.6,373.4,372.9,375,374.4,375.5,377.4,376.5,376.5,374.6,373.8,373.8,374.2,372.5,373.3,371.6,370.7,371.6,370.8,370.7
SP.ht.burner,fuel,Fuel gas,MMBtu/h,0,200,,114.8,114.9,116.1,115.4,115.9,115.9,115.8,115.6,115.2,115.4,114.7,114.2,113.6,112.9,114.4,114.4,116.4,114.5,114.1,114.2,113.4,113.6,113.6,114,111.9,111.2,110.2,109.5,111.5,110.5,111.5,110.4,111.1,110.1,109.8,109.7,110.8,110.4,109.9,109.6,109,109.1,109.7,109.8,109.6,108.5,109.1,108.4,108.1,107.6,109.2,109.2,107.8,109.7,109.7,108.8,107.9,107.8,108,106.5
SP.ht.burner,stack_t,Stack temp,C,100,500,420,295.8,295,296.2,295.5,295.4,292.3,290,290.8,290.5,289.8,292.5,292.6,292.6,292.8,289.8,290.1,288.9,290.2,289.7,289.5,290.6,290.7,290.2,290,291.4,290.7,290.6,291.8,292.6,295,295,293.9,293.6,293.9,292.2,291.4,292.1,290.9,291.3,290.7,292.4,293.2,293.8,293.3,295.7,297,296.9,296.8,297.2,296.3,294.5,293.7,294.1,295.1,295.8,297,298,297,296.2,294.7
SP.ht.burner,o2,Excess O2,%,0,8,6,2.46,2.475,2.475,2.47,2.525,2.571,2.626,2.674,2.609,2.652,2.555,2.542,2.571,2.687,2.596,2.6,2.569,2.529,2.511,2.588,2.514,2.564,2.584,2.689,2.752,2.787,2.758,2.759,2.784,2.83,2.785,2.709,2.768,2.839,2.847,2.89,2.939,3.004,3.059,3.012,2.963,2.991,3.022,3.046,3.105,3.115,3.131,3.218,3.12,3.064,3.086,3.069,2.969,2.999,2.949,2.898,2.966,2.946,2.905,2.842
SP.ht.stack,top_p,Top pressure,bar,0,50,45,25.81,25.66,25.85,25.79,25.66,25.82,25.63,25.61,25.53,25.5,25.65,25.81,25.91,25.8,25.71,25.56,25.36,25.28,25.33,25.31,25.35,25.58,25.69,25.92,26.1,26.12,26.13,26.19,26.11,25.76,25.85,25.97,25.84,26.07,26,26.11,25.94,25.88,25.95,25.6,25.38,25.11,25.03,25.15,25.07,25.14,25.25,25.28,25.56,25.53,25.5,25.71,25.97,25.96,25.99,26.31,26.42,26.22,26.39,26.54
SP.ht.stack,btm_t,Bottom temp,C,0,420,400,323.2,322.2,321.9,321,321.3,321.2,322,320.4,319.7,320.8,320.9,320.4,322.5,321,322.1,322,321.9,322.7,323.5,324.3,324.3,324.5,324.7,324.6,325.1,325.4,324.9,325.6,327.5,329.4,330.2,330.7,330.1,329.9,331.2,331.7,331.3,331.7,331.6,331,330.1,331,331.5,331,332.8,332.3,333.2,333.9,333.8,334.9,335.3,334.4,335.2,334.2,334.6,333.9,332.9,332.5,331.2,331.6
SP.ht.stack,dp,Differential pressure,kPa,0,80,60,34.29,35.09,36.06,35.8,36.8,36.13,36.41,37.06,37.15,37.7,37.83,37.85,38.15,38.45,38.27,38.25,38.52,39.16,39.77,39.19,39.71,38.98,38.62,38.3,38.6,38.05,37.37,36.97,37.25,37.68,37.5,37.76,37.54,37.85,37.59,37.65,37.74,37.75,38.51,38.93,38.66,38.22,37.93,37.53,37.55,37.94,37.83,37.9,38.63,38.89,39.05,38.44,38.92,39.41,39.85,40.39,40.49,40.65,40.36,40.08
SP.ht.stack,reflux,Reflux flow,m3/h,0,300,,147,148.5,149.4,151,151.6,151.7,151.5,149.9,149.4,151.1,150.2,149.2,149.3,150.7,148.6,149.4,146.8,144.9,144.8,146.3,147,146.1,144.4,143.9,144.7,143.8,145.5,143.8,143.9,140.7,141.3,141.6,141.7,142.5,140.5,141,142.7,142.4,141.8,139.7,138.8,137.9,138.1,136.3,138.2,137.3,136.3,135.2,135.5,134.4,134.5,133.8,136.7,136.6,135.4,134,135.1,134.6,134.6,134
SP.scrub,top_p,Top pressure,bar,0,50,45,26.32,26.37,26.08,26.12,26.18,26.12,26.48,26.33,26.51,26.54,26.51,26.59,26.41,26.68,26.58,26.64,26.68,27.06,26.88,26.85,27,27.08,27.2,27.26,27.2,27.06,27.18,27.23,27.37,27.66,27.74,28.06,28.16,28.02,27.92,27.73,27.47,27.62,27.75,27.92,27.92,28.06,27.43,27.43,27.29,27.14,27.12,27.05,26.86,26.74,26.56,26.45,26.62,26.41,26.49,26.28,26.67,26.82,26.72,26.89
SP.scrub,btm_t,Bottom temp,C,0,420,400,319.9,320.7,320.5,321.2,321.5,322,321.9,322.7,321.8,322.1,323.1,323.5,322.6,323.8,324.1,324,324,323.1,322.4,323,321.2,320.6,320.7,319.4,319.9,319.8,319.6,320.1,319.6,319.3,318.4,319.8,320.5,320.2,320.4,321,322,322.9,322.9,324.1,324.1,323.6,323.4,321.9,321.5,321.3,321.5,322.8,323.5,324.1,323.5,324,322.5,322.5,321.9,322.7,320.6,320.1,321.6,321.3
SP.scrub,dp,Differential pressure,kPa,0,80,60,34.28,33.95,33.61,33.7,33.53,33.88,34.18,34.13,35.03,34.69,34.19,33.82,34.15,33.95,34.05,33.97,34.66,34.66,34.96,35.07,34.75,34.98,35.7,35.85,35.69,36.18,36.57,36.75,36.52,35.57,36.4,36.75,37.19,37.47,37.09,36.26,35.85,36.38,36.3,36.63,37.45,37.38,37.29,36.3,36.17,36.76,37.05,37.63,37.38,37.42,37.39,37.12,36.98,37.16,36.44,37,37.48,37.4,37.66,36.95
SP.scrub,reflux,Reflux flow,m3/h,0,300,,149.9,150.4,150.6,148.8,150.9,151.7,152,152.3,153.6,154.5,154.5,156.4,157.1,156.6,158,158.3,158.3,159,159.7,156.7,157.5,155.9,157,156.4,154.8,153.8,152.9,149.5,148.7,148.9,148.7,145.4,144.4,143.2,140.8,141.3,141.9,141.5,140.1,139.3,139.7,139.9,137.5,137.1,136,135.8,136.4,137.2,140,139.5,141,141.7,143.3,142,141.8,140.9,141.3,141.8,141.6,141.4
SP.pumps,flow,Flow,m3/h,0,400,360,231.2,229.8,232,231,225.9,224.5,221.7,221.5,221.1,220.6,221.6,219.3,222.4,223.2,221.3,224.1,225.6,227.8,225.8,225.8,223.9,224.8,223.9,220,220,223.2,226.6,228.4,227.1,231.8,232.2,232.6,229.6,224.6,225.2,224.1,222.6,226,228,230.4,231.2,232.6,235,235.8,230.5,229.8,229.8,228,226.1,221.1,223,223.2,224.1,223.1,223.2,225.2,223.9,222.7,225.3,226.7
SP.pumps,disch_p,Discharge pressure,bar,0,60,52,37.88,38.85,38.62,38.59,37.94,37.79,37.42,37.06,37.3,37.29,37.32,37.1,36.19,35.96,35.82,35.78,35.93,36.04,35.82,35.65,36.2,36.22,36.31,36,35.9,34.98,34.95,35.39,34.62,34.76,34.43,34.75,35.54,35.58,35.75,34.73,34.92,34.34,34.13,35.21,34.9,34.95,34.83,34.66,34.26,33.97,33.59,33.86,34.02,34.07,33.78,33.71,33.24,33.24,32.79,33.22,33.52,34.28,34.72,34.55
SP.pumps,vib,Vibration,mm/s,0,12,7.1,1.874,1.851,1.876,1.938,2.209,2.266,1.977,1.955,1.851,1.583,1.594,1.342,1.365,1.68,1.803,1.897,1.68,1.846,1.732,1.72,1.808,1.683,1.803,1.596,1.693,2.016,2.152,2.42,2.22,2.512,2.574,2.57,2.563,2.369,2.328,2.076,2.273,2.314,2.166,2.112,2.376,2.457,2.224,2.255,2.309,2.388,2.154,2.299,2.349,2.34,2.249,2.407,2.478,2.361,2.49,2.665,2.716,2.633,2.813,2.776
SP.pumps,brg_t,Bearing temp,C,20,110,85,58.95,59.12,58.6,58.32,58.35,58.38,58.15,57.99,58.61,58.82,59.42,58.73,59.83,59.73,59.17,58.95,58.58,59.03,58.87,58.82,58.8,58.41,58.3,58.44,59.39,60.32,60.37,60.78,60.33,60.27,59.92,59.63,60.11,59.86,60.21,60.04,60.3,60.59,59.91,59.44,58.73,58.86,58.82,58.22,58.01,58.49,58.27,58.36,58.82,58.1,58.39,58.91,58.87,59.28,60.09,59.13,59.11,58.47,58.67,58.6
ST.oil,level,Level,%,0,100,90,61.14,61.11,61.02,61.11,60.69,60.74,60.63,60.63,60.65,60.54,60.27,60.32,60.51,60.43,60.52,60.44,60.39,60.41,60.3,60.08,60.21,60.22,60.67,60.84,60.54,60.57,60.44,60.41,60.23,60.3,60.06,60.18,59.99,60.06,60.1,60.12,60.5,60.65,60.82,61.43,61.62,61.52,62.13,62.5,62.79,63.09,63.2,63.58,63.79,64.43,64.7,65.26,65.84,66.26,66.66,66.7,66.78,67.48,67.68,67.74
ST.oil,temp,Temperature,C,-170,80,,24.09,24.05,23.94,23.71,23.65,23.74,23.6,23.59,23.56,23.61,23.66,23.77,23.74,23.83,23.78,23.91,23.76,23.72,23.78,23.71,23.8,23.83,24.01,23.95,23.91,23.78,23.65,23.55,23.45,23.48,23.61,23.81,23.97,24.07,24.1,24.05,24.03,24.09,24.01,24.1,23.92,23.95,23.88,23.95,23.84,23.81,23.8,23.74,23.7,23.65,23.73,23.71,23.79,23.92,24.02,23.97,23.75,23.74,23.85,23.58
ST.oil,press,Pressure,kPa,-2,30,25,8.534,8.523,8.622,8.536,8.479,8.257,8.107,7.918,8.056,7.93,8.145,7.991,8.09,8.067,8.267,8.248,8.354,8.402,8.207,8.082,7.988,7.994,7.934,7.773,7.838,7.851,7.792,8.222,8.525,8.564,8.807,8.699,9.023,9.101,8.915,8.855,8.959,9.123,9.344,9.538,9.52,9.625,9.679,9.669,9.548,9.683,9.719,9.935,9.749,9.839,9.556,9.313,9.26,9.384,9.497,9.124,9.093,9.014,9.184,9.201
ST.oil.t1,level,Level,%,0,100,90,60.83,60.69,60.7,60.87,61.03,61.37,61.37,61.47,61.49,61.02,60.82,61.04,61.03,61.36,61.36,61.51,61.22,61.36,61.3,61.28,61.19,60.93,61.37,61.06,61.02,61.03,61.4,61.52,61.35,61.39,61.89,61.85,62.24,62.34,62.37,62.46,62.37,62.88,62.67,62.6,62.39,62.27,61.81,61.51,61.59,61.85,61.96,62.09,62.18,62.22,62.54,62.91,62.83,62.7,62.73,62.67,62.95,63.11,63,63.31
ST.oil.t1,temp,Temperature,C,-170,80,,23.69,23.77,23.75,23.7,23.64,23.64,23.58,23.57,23.55,23.48,23.46,23.38,23.42,23.37,23.48,23.45,23.43,23.4,23.41,23.35,23.37,23.37,23.23,23.27,23.31,23.5,23.56,23.5,23.54,23.39,23.38,23.31,23.14,23.2,23.35,23.28,23.17,23.15,23.15,23.08,23.15,23.23,23.11,23.1,22.99,22.91,22.76,22.84,22.63,22.41,22.28,22.3,22.33,22.4,22.3,22.17,22.34,22.22,22.16,22.12
ST.oil.t1,press,Pressure,kPa,-2,30,25,7.979,8.047,7.944,8.197,8.153,8,8.266,8.265,8.417,8.35,8.252,8.188,8.239,8.205,8.137,8.102,8.175,8.05,7.998,8.153,8.324,8.229,8.143,8.257,8.306,8.277,8.427,8.377,8.214,8.317,8.211,8.108,7.942,8.033,7.874,7.937,8.021,8.279,8.533,8.43,8.291,8.307,8.046,8.28,8.22,8.155,8.017,7.864,7.778,7.821,7.768,7.711,7.585,7.4,7.619,7.742,7.878,7.867,7.975,7.894
ST.oil.t2,level,Level,%,0,100,90,61.62,61.34,60.94,60.69,60.77,61.02,60.74,60.97,60.92,60.77,60.64,60.65,60.5,60.53,60.11,60.1,59.84,59.99,59.49,59.85,59.86,59.9,60,60.13,60.2,60.15,60.04,59.62,59.65,59.71,59.46,59.63,59.56,59.32,59.16,59.29,59.21,59.46,59.24,59.33,59.66,59.68,59.48,59.22,58.97,59.11,59,59.3,59.44,59.49,59.29,59.74,59.64,59.74,59.95,60.05,59.98,59.68,59.52,59.39
ST.oil.t2,temp,Temperature,C,-170,80,,23.15,23.23,23.35,23.46,23.38,23.47,23.52,23.45,23.42,23.18,23,23,22.98,22.91,22.85,22.77,22.86,22.82,22.97,23.01,22.99,22.9,22.8,22.77,22.84,22.96,23,22.94,22.79,22.8,22.82,22.71,22.6,22.6,22.62,22.84,22.84,22.76,22.66,22.68,22.6,22.64,22.45,22.43,22.45,22.67,22.64,22.52,22.54,22.57,22.75,22.69,22.66,22.76,22.81,22.76,22.87,22.85,22.99,22.87
ST.oil.t2,press,Pressure,kPa,-2,30,25,8.131,8.183,8.293,8.457,8.32,8.464,8.61,8.602,8.747,8.862,8.76,8.764,8.77,8.651,8.848,9.165,9.193,9.194,9.197,9.275,9.075,9.078,9.21,9.228,9.186,9.327,9.29,9.076,9.113,9.348,9.531,9.677,9.737,9.804,9.814,9.867,9.484,9.518,9.652,9.782,9.85,10.04,10.26,10.3,10.53,10.66,10.63,10.97,10.77,10.77,10.76,10.88,10.89,11.16,11.31,11.37,11.42,11.47,11.37,11.29
ST.oil.t3,level,Level,%,0,100,90,62.69,63.08,63.17,63.32,63.52,63.89,63.86,63.87,63.73,63.73,63.74,63.63,63.56,63.09,62.96,62.84,62.65,62.43,62.33,62.33,62.74,63.08,62.92,63.08,63.26,63.22,63.19,63.18,63.53,63.4,63.67,63.76,63.56,63.87,64.02,64.03,64.01,63.87,63.9,63.87,64,63.91,63.82,63.82,63.77,63.64,63.43,63.64,63.67,63.55,63.69,63.81,64.13,63.76,63.83,63.56,63.56,63.39,63.27,63.78
ST.oil.t3,temp,Temperature,C,-170,80,,24.51,24.57,24.61,24.51,24.41,24.27,24.19,24.04,23.95,23.94,23.74,23.82,23.75,23.83,23.76,23.69,23.63,23.69,23.86,23.77,23.62,23.53,23.38,23.59,23.87,23.67,23.58,23.64,23.53,23.39,23.29,23.49,23.57,23.66,23.73,23.65,23.73,23.35,23.37,23.43,23.25,23.27,23.05,22.94,22.82,22.92,23.07,22.98,22.86,22.83,22.98,23.02,23.04,23.04,22.87,22.88,22.8,22.9,22.86,22.76
ST.oil.t3,press,Pressure,kPa,-2,30,25,7.533,7.624,7.611,7.814,7.688,7.637,7.496,7.457,7.478,7.611,7.398,7.428,7.598,7.488,7.289,7.496,7.686,7.564,7.398,7.476,7.442,7.579,7.281,7.229,7.291,7.244,7.019,6.948,6.791,6.891,6.639,6.597,6.512,6.663,6.63,6.885,7.101,7.079,6.916,7.147,7.251,7.391,7.36,7.423,7.596,7.823,7.874,7.912,7.767,7.619,7.262,7.114,7.066,6.957,6.999,7.111,7.185,7.195,7.261,7.269
ST.oil.t4,level,Level,%,0,100,90,61.38,61.47,60.96,60.86,60.56,60.24,60.6,60.74,60.99,60.77,60.6,60.66,60.78,61.38,60.88,60.78,61.01,60.8,60.83,60.62,60.55,60.15,60.2,60.16,60,60.2,60.02,59.85,59.96,59.83,59.49,59.77,59.67,59.43,59.89,60.14,60.19,60,60.22,60.16,60.2,60.04,60.08,60.13,60.21,60.2,60.28,60.28,60.65,60.81,60.91,60.72,60.95,60.7,60.87,60.76,61.04,60.85,60.97,61.16
ST.oil.t4,temp,Temperature,C,-170,80,,24.14,24.24,24.3,24.2,24.1,24.18,24.23,24.3,24.18,24.48,24.38,24.21,24.18,24.21,24.14,24.28,24.23,24.38,24.46,24.51,24.35,24.29,24.45,24.43,24.46,24.52,24.42,24.41,24.47,24.44,24.56,24.5,24.45,24.42,24.53,24.63,24.64,24.7,24.56,24.54,24.69,24.6,24.51,24.48,24.46,24.73,24.84,24.79,24.78,24.73,24.75,24.89,24.86,24.85,24.91,24.92,24.75,24.65,24.83,24.8
ST.oil.t4,press,Pressure,kPa,-2,30,25,8.061,8.074,8.283,8.301,8.261,8.336,8.487,8.617,8.648,8.732,8.796,8.666,8.591,8.537,8.556,8.564,8.761,8.825,8.806,8.576,8.624,8.543,8.611,8.551,8.736,8.917,8.963,8.965,9.001,8.914,9.152,9.248,9.295,9.469,9.234,9.031,8.921,8.986,8.814,8.84,8.697,8.78,8.93,8.799,8.609,8.856,8.792,8.728,8.736,8.987,8.961,9.131,9.29,9.288,9.578,9.355,9.405,9.155,9.136,9.213
ST.water,level,Level,%,0,100,90,62.99,62.81,62.25,62.46,62.98,62.78,62.73,62.75,62.98,62.72,62.74,62.59,62.45,62.4,62.6,62.35,62.23,62.35,62.14,62.37,62.06,61.92,61.82,62.03,62.23,62.31,62.52,62.7,62.36,62.34,62.48,62.35,62.6,62.7,62.56,62.6,62.58,62.29,62.94,63.27,62.94,62.8,62.63,62.54,62.54,62.53,62.41,62.23,62.16,61.98,61.84,62.03,61.93,62.01,62.27,62.42,62.31,62.3,62.23,62.36
ST.water,temp,Temperature,C,-170,80,,24.32,24.28,24.2,24.22,24.1,24.28,24.24,24.03,24.1,23.94,24.15,24,24.03,24.08,24.21,24.3,24.34,24.26,24.28,24.38,24.29,24.39,24.34,24.34,24.41,24.53,24.48,24.58,24.47,24.51,24.55,24.54,24.68,24.77,24.76,24.86,24.79,24.95,24.99,25.02,25.18,25.3,25.5,25.49,25.52,25.65,25.54,25.61,25.72,25.58,25.54,25.62,25.81,25.86,25.91,25.75,25.8,25.67,25.66,25.78
ST.water,press,Pressure,kPa,-2,30,25,8.561,8.501,8.638,8.763,8.64,8.741,8.653,8.594,8.446,8.45,8.456,8.411,8.465,8.432,8.229,8.339,8.221,8.216,8.294,8.361,8.324,8.437,8.202,8.083,8.25,8.467,8.634,8.487,8.316,8.103,8.028,8.135,7.819,8.123,8.105,8.103,8.08,8.199,8.234,8.179,8.321,8.351,8.389,8.29,8.436,8.488,8.357,8.399,8.328,8.37,8.113,7.964,8.186,8.092,8.014,8.149,8.079,7.823,7.639,7.481
ST.lact,flow,Flow,m3/h,0,400,360,234.8,232.4,231.4,229.9,227.3,225.6,227.8,229.1,230.1,230.8,232.5,229.5,230.1,230.1,233.8,233.7,233.9,235.2,235,233.1,231.8,229.5,227.2,228.1,226,224.8,223.6,224.2,223.9,226.6,223.5,220.7,217.4,221.2,222.7,223,226.3,231.1,231.5,233.8,233.1,231.1,229.3,229.3,227.7,228.5,229.6,231.1,229.4,227.7,227.3,229.4,229.3,229,230.5,231.7,233.2,233.7,236,234.7
ST.lact,disch_p,Discharge pressure,bar,0,60,52,35.47,34.79,35.11,34.2,34.12,33.89,33.09,32.93,33.13,32.49,32.72,32.61,32.21,31.76,32.05,31.9,31.11,30.83,30.94,31.18,31.45,31.44,31.11,31.02,30.91,30.38,31.67,30.99,31.11,31.68,31.12,30.97,31.3,31.48,31.22,31.52,31.73,31.32,31.07,30.75,30.4,30.45,31.4,31.81,31.62,31.63,31.54,31.89,31.82,31.58,31.09,30.39,30.63,30.72,31.1,31.34,30.33,29.98,30.11,30.98
ST.lact,vib,Vibration,mm/s,0,12,7.1,2.282,2.121,2.126,2.256,2.503,2.663,2.385,2.432,2.265,2.139,1.897,1.967,2.177,2.225,1.521,1.668,1.739,2.006,1.867,1.817,1.609,1.436,1.389,1.347,1.62,1.626,1.66,1.415,1.387,1.24,1.194,1.349,1.538,1.26,1.158,1.117,0.9469,1.146,1.546,1.357,1.108,1.007,1.112,1.138,1.37,1.185,1.268,1.608,1.391,1.267,1.429,1.285,1.076,1.09,0.7357,0.7514,0.7267,0.8446,0.9453,1.018
ST.lact,brg_t,Bearing temp,C,20,110,85,55.94,56.47,56.56,57.21,57.93,58.86,58.48,58.56,58.83,58.4,58.48,58.55,58.76,58.74,58.06,57.39,57.71,57.73,57.52,57.97,58.53,58.25,58.23,57.71,57.15,56.7,56.92,56.9,57.09,56.86,56.83,57.36,58.09,58.24,57.59,58.15,57,57.07,57.47,57.26,57.26,57.47,56.85,57.02,57.68,57.18,56.71,56.56,56.96,56.48,55.96,56.15,56.06,56.94,56.3,56.98,57.55,58.33,58.42,59.58
ST.vru,temp,Temperature,C,0,120,100,46.15,45.95,46.06,45.73,45.79,45.92,45.4,45.47,45.36,45.1,45.34,45.07,45.23,45.06,45.34,45.58,45.18,45.1,44.98,45.04,45.36,45.43,45.44,44.52,44.3,44.67,44.89,45.48,45.03,44.83,45.13,45.83,45.54,45.6,45.63,45.99,46.05,45.48,45.74,46.45,47.58,47.69,47.94,49.03,49.26,49.71,49.92,50.48,51.03,51.59,52.45,52.75,52.29,52.41,52.82,53.18,54.52,55.4,56.09,55.93
ST.vru,vib,Vibration,mm/s,0,12,7.1,1.634,1.784,1.775,1.784,1.874,1.841,1.547,1.568,1.558,1.506,1.39,1.373,1.304,1.295,1.112,1.188,1.318,1.006,0.916,1.244,1.153,1.343,1.213,1.165,1.308,1.534,1.701,1.811,1.8,1.879,1.772,1.949,2.037,2.193,2.364,2.406,2.436,2.187,2.344,2.52,2.45,2.52,2.492,2.469,2.139,2.28,2.505,2.546,2.563,2.412,2.429,2.238,2.291,2.249,2.397,2.313,2.468,2.321,2.269,2.183
ST.vru,load,Load,%,0,100,95,61.29,60.99,60.88,61.87,62.77,62.46,63.57,62.53,61.67,61.64,62.49,61.58,62.65,63.14,63.29,62.93,62.08,61.16,62.19,61.86,61.54,61.68,61.17,59.77,58.86,59.75,59.85,60.17,60.24,60.78,60.06,60.82,60.36,61.14,61.24,61.42,60.03,59.22,59.8,59.29,58.17,58.93,59.69,60.99,60.92,61.56,61.75,62.33,62.03,62.56,62.06,62.67,62.37,62.87,62.54,62.36,60.8,62.08,61.73,62.34
ST.loading,flow,Flow,m3/h,0,800,720,308.8,304.4,305.6,306.2,307.5,308.4,311.5,309.3,311.5,310.3,307.6,307.6,308.9,308.5,308.8,308.4,308.4,305.8,308.4,309.1,309.2,309,311.8,312.7,313.1,318,316.9,319,319,320.7,322.2,322.2,322.1,319,321.5,324,321.9,324.1,322,317.9,318.8,319.6,319.5,319.2,320.8,323.6,322.4,321.1,321.6,322.1,322.3,322.9,321.3,321.3,322,324.1,323.8,321.3,320.4,319.2
ST.loading,press,Pressure,bar,0,120,100,62.19,62.17,61.57,61.85,61.7,61.15,61.25,61.95,62.13,62.22,62.44,62.07,62.1,61.68,61.76,62.17,62.01,61.62,61.31,61.04,61.61,61.5,61.83,61.87,62,61.89,61.48,61.43,61.53,60.97,60.69,61.35,61.85,61.79,62.07,62.44,62.29,61.76,61.49,62.04,62.49,62.68,62.8,62.65,62.85,62.19,61.5,61.37,61.81,61.81,61.57,62.1,62.41,62.43,62.77,62.66,62.78,62.48,61.99,62.26
ST.loading,temp,Temperature,C,-170,150,,39.06,38.73,39.22,39.23,39.54,39.65,39.89,39.44,39.1,39.39,39.42,39.35,39.55,39.54,39.19,39.31,39.57,40,40.25,39.98,40.26,40,39.95,40.5,40.79,40.78,40.77,40.35,40.39,40.48,40.61,40.76,41.12,41.22,41.04,41.46,41.44,41.53,42.18,42.54,42.43,42.62,42.4,42.46,42.19,42.28,41.88,42.22,41.75,41.66,41.67,41.91,41.69,41.3,41.76,42.24,42.29,41.91,42.12,42.48
ST.loading,wall,Wall loss,%,0,30,20,6.433,6.442,6.452,6.447,6.446,6.442,6.426,6.431,6.431,6.431,6.42,6.412,6.409,6.424,6.415,6.408,6.405,6.413,6.427,6.424,6.429,6.422,6.425,6.425,6.429,6.434,6.431,6.423,6.418,6.42,6.428,6.425,6.424,6.429,6.431,6.44,6.428,6.437,6.428,6.428,6.415,6.416,6.416,6.425,6.42,6.425,6.427,6.434,6.44,6.444,6.436,6.435,6.427,6.421,6.426,6.437,6.439,6.44,6.445,6.45
ST.bund,level,Level,%,0,100,90,61.5,61.1,61.08,60.95,61.12,60.76,60.97,61.07,61.15,61.19,61.72,61.48,61.4,61.37,61.41,61.68,61.71,61.97,62.19,62.45,62.13,62.3,62.34,62.26,62.56,62.69,62.91,63.08,62.65,63.2,63.08,63.02,63.1,62.99,62.92,62.86,63.2,63.09,63.03,62.87,62.7,63.12,63.01,63.1,62.8,63.23,63.18,63.32,63.53,63.53,63.76,64.1,63.86,63.92,64.28,64.12,64.12,64.2,64.21,64.41
ST.bund,temp,Temperature,C,-170,80,,23.85,23.81,23.83,23.98,23.98,24.07,24.09,23.98,23.99,23.78,23.71,23.83,23.64,23.69,23.65,23.58,23.55,23.52,23.43,23.48,23.43,23.5,23.62,23.63,23.71,23.6,23.67,23.55,23.44,23.44,23.32,23.34,23.32,23.33,23.24,23.26,23.35,23.26,23.23,23.22,23.1,22.91,22.91,23.04,22.99,22.95,22.92,22.84,22.67,22.68,22.7,22.79,22.91,22.88,22.91,23,23.02,23.22,23.16,23.22
ST.bund,press,Pressure,kPa,-2,30,25,7.783,7.755,7.701,7.877,7.856,7.948,7.99,7.931,7.96,8.285,8.204,8.349,8.338,8.159,8.335,8.388,8.288,8.363,8.301,7.891,8.046,8.395,8.413,8.348,8.271,8.177,8.063,7.919,7.758,7.565,7.353,7.218,7.236,7.019,6.845,6.838,6.912,7.157,7.221,7.12,7.109,7.154,7.087,6.936,6.852,6.905,6.881,6.915,6.88,7.03,6.987,6.775,6.528,6.419,6.354,6.34,6.4,6.569,6.61,6.526
FR.stack,top_p,Top pressure,bar,0,50,45,26.54,26.47,26.35,25.88,25.98,25.97,25.97,26.24,26.11,25.77,25.75,25.62,25.68,25.74,25.76,25.76,25.84,25.92,25.75,25.38,25.56,25.59,25.48,25.62,25.75,25.77,25.43,25.13,25.05,25.36,25.47,25.84,25.8,25.71,25.65,25.67,25.62,25.66,25.42,25.64,25.84,26.05,26.03,26.35,26.35,26.66,26.87,26.96,26.9,27.07,27.07,27.08,27.17,27.04,26.86,26.74,26.58,26.95,26.8,26.98
FR.stack,btm_t,Bottom temp,C,0,420,400,314.8,315.9,314,313.9,315,314.2,314.5,313.9,314.9,315.1,314.9,316.3,316.5,315.8,315.7,315.4,314.4,314.5,315.4,316.7,315.8,315.2,313.8,315.1,315.6,315.3,314.2,314.1,313.6,311.3,313.4,313.4,313.2,312.7,311.8,310.5,310.4,310.9,312.3,311.9,312,311.4,311.4,311.4,312,312.6,313.3,312.8,312.5,313.2,313.9,314.8,314.5,313.5,313.7,313.8,311.5,310.5,311.2,311.4
FR.stack,dp,Differential pressure,kPa,0,80,60,34.44,34.85,34.73,34.69,34.14,33.59,33.53,33.69,34.05,33.61,33.53,33.31,33.65,33.23,32.99,32.46,32.53,32.65,33.39,33.98,33.34,32.72,32.74,32.96,32.83,33.59,33.95,34.04,34.55,34.19,34.31,34.12,35.28,35.7,35.87,35.79,34.79,34.11,34.37,35.4,34.88,34.04,34.06,33.73,34.16,33.53,34.06,34.9,35.39,35.41,35.74,35.88,35.94,36.15,36.95,36.74,36.92,37.3,37.21,37.23
FR.stack,reflux,Reflux flow,m3/h,0,300,,146.1,146.1,146.1,145.1,146.4,146.5,145.7,143.1,143.9,146.2,146.5,143.9,144.9,148.9,151.4,150.2,150.6,151.2,150.3,148.5,147.4,150.8,151.7,152.1,151.2,152,152.2,154.2,156.4,157.1,160.6,161.8,160.2,161.4,162.3,162.2,164.6,163.8,165.9,166.9,167.1,167.2,169.6,171.9,169.6,172.4,172.9,174.8,173.7,175.1,176.3,176,174.9,173.2,176,177.7,177.6,179.3,177.4,176.1
FR.ko,level,Interface level,%,0,100,85,49.9,49.76,50.14,50.5,50.23,50.22,49.99,50.18,50.58,50.81,51.62,51.64,51.16,51.3,51.46,51.21,51.32,51.56,51.07,51.1,51.17,51.1,51.96,51.68,52.18,51.53,51.39,51.25,51.57,52.15,52.43,52.42,52.49,52.64,52.64,52.76,52.45,52.43,52.53,53.21,54.02,54.66,54.57,54.97,55.71,56.76,57.3,58.16,58.81,60.3,60.34,60.64,61.64,62.74,62.88,62.98,63.34,64.22,65.17,65.41
FR.ko,press,Pressure,bar,0,30,25,8.977,9.013,8.893,9.101,8.87,8.818,8.651,8.735,8.802,8.871,8.971,9.031,9.062,9.079,8.957,8.853,8.809,8.82,8.92,8.916,8.9,8.991,8.96,9.068,8.914,8.949,9.003,9.2,9.162,9.139,9.091,8.927,9.069,9.071,9.087,8.943,8.946,8.996,8.776,8.833,8.82,9.018,8.856,8.997,8.902,8.893,9.007,8.899,8.683,8.539,8.434,8.276,8.348,8.326,8.285,8.279,8.273,8.188,8.261,8.344
FR.ko,temp,Temperature,C,0,120,100,54.43,54.77,55.63,55.3,55.6,55.51,55.41,55.87,55.78,56.18,56,56.89,56.7,57.07,56.41,56.23,56.38,55.9,55.15,55.18,54.95,54.52,54.87,54.86,54.85,54.42,54.02,54.31,54.19,54.35,54.8,54.53,54.85,54.31,54.11,53.7,53.55,53.98,53.53,53.08,53.24,53.18,52.97,53.7,53.99,54.27,54.5,54.7,54.81,54.85,54.7,54.95,55.2,54.89,54.95,54.81,54.97,55.69,55.47,55.43
FR.ko,gas_out,Gas outlet,MMscfd,0,60,,22.71,22.86,22.56,22.67,23.22,22.94,22.78,22.68,22.59,22.9,22.43,22.26,22.49,22.22,22.07,22.53,22.49,22.62,22.88,23,23.08,23.53,23.92,24.08,24.27,24.19,24.23,23.91,23.86,23.7,23.68,24.33,24.33,24.54,24.18,23.95,24.61,24.9,24.37,23.79,24.2,24.21,24.4,24.64,24.41,24.32,24.34,24.4,24.21,24.38,23.94,24.04,24.05,23.71,23.78,24.1,23.85,23.42,23.37,23.6
FR.header,pos,Valve position,%,0,100,,72.07,72.17,72.25,72.31,72.25,72.11,72.03,72.1,72.13,72.12,72.15,72.13,72.08,71.99,72.25,72.25,72.16,72.23,72.1,72.09,72.06,72.13,72.18,72.1,72.19,72.23,72.29,72.19,72.34,72.19,72.39,72.69,72.71,72.63,72.55,72.38,72.29,72.31,72.23,72.32,72.34,72.4,72.55,72.53,72.48,72.45,72.46,72.39,72.31,72.39,72.36,72.29,72.4,72.38,72.5,72.52,72.6,72.76,72.91,73.07
FR.header,up_p,Upstream pressure,bar,0,350,320,191.4,190.8,190.6,189.1,190.2,188.9,190,189.8,190.2,191.2,190.8,190.5,190.3,189.1,190.3,190.1,191.4,193.4,191.2,192.2,192.2,190.1,189.8,189.7,190.2,190.8,189.9,189.9,190.2,188.3,187.8,189,188.4,187.8,186.6,186.1,185.7,184.7,185.3,186.6,187,186,186.1,186.3,187.5,189.4,190.4,190.3,190.7,190.3,190.5,190.7,189.5,188.8,188.8,189.2,189.4,188.9,189.2,190.3
FR.header,dn_p,Downstream pressure,bar,0,350,,94.63,94.72,94.54,94.26,94.23,94.6,94.84,94.7,95.58,95.03,94.53,93.66,93.09,93.31,94.63,95.01,94.58,94.52,94.93,95.2,95.4,95.28,96.3,96.42,95.71,96.19,96.89,96.96,97.46,97.02,96.98,97.13,97.73,97.2,97.34,97.68,97.58,96.52,95.94,95.5,95.2,95.31,95.35,94.35,94.33,93.73,94.87,95.18,95.38,94.71,95.46,94.65,94.54,94.38,94.39,93.79,93.71,93.63,92.6,92.23
FR.header,temp,Body temp,C,0,120,100,42.03,42.01,41.99,42.05,42.4,42.31,42.39,42.51,42.45,42.18,42.15,42.38,42.21,42.13,42.44,42.27,42.32,42.47,42.43,42.26,42.38,41.86,42.11,42.18,42.15,42.32,41.8,41.45,41.74,41.65,41.49,41.35,41.56,41.65,41.26,41.28,41.2,41.5,41.31,41.65,41.65,41.86,41.68,41.87,41.58,41.88,42.26,42.47,42.37,42.19,42.47,42.27,42.38,42.16,42.09,41.96,41.9,41.66,41.51,41.59
FR.ffg,flow,Relief flow,kg/h,0,20000,15000,367.7,370.6,360,361.8,369.2,374.5,369.9,378.3,343.4,336.6,335,327,335.9,343.7,337.2,352.6,333.2,338.7,341.9,335.9,320,354.1,332.7,331.1,346.2,336.2,334.7,350,361.4,370.5,358.6,359.5,343.3,360.1,354.5,371.7,357.3,349.4,339.7,353.3,362.9,362.3,328.6,319.3,325.7,331.4,307.2,308.4,325.2,300.5,301.9,329,293.2,304.2,302.9,313.3,290.3,294,301.6,276.2
FR.ffg,pilot,Pilot temp,C,100,900,,616.5,617.3,616.3,617.4,617,613.7,617.9,621.2,620.3,622.4,624.2,622.8,619.1,619.9,620.7,619.9,615.2,616.2,615.5,617.7,616.1,614,614.1,611.1,605.2,604.2,606.6,609.3,611.1,610,608.7,610.3,613.8,616.4,618,621.5,623.7,623.4,622.2,623.6,620.6,619.8,620.3,617.7,621.7,618.5,617.9,617.1,616.6,613.7,614.7,613.4,611.5,608.4,608.9,606.2,608.6,607,608.3,609
FR.ffg,press,Header pressure,kPa,0,300,250,22.73,22.49,22.49,22.38,22.37,22.41,22.21,22.03,21.93,22.42,22.11,22.03,21.97,22.63,22.68,22.77,22.66,22.26,21.81,21.8,22.26,21.58,20.96,21.08,20.88,20.98,21.27,21.93,21.96,21.67,20.91,20.92,21.01,19.85,20.13,20.22,20.12,20.3,19.98,19.91,20,19.98,19.93,19.65,19.27,19.28,19.04,18.74,18.75,19.21,18.82,18.2,18.23,17.83,18.18,17.86,17.42,17.75,17.96,18.33
FR.ffg,wind,Wind speed,m/s,0,30,20,5.736,6.013,5.874,6.017,6.171,6.165,6.01,6.053,6.14,6.151,6.123,5.974,5.922,6.027,5.789,5.819,5.911,5.847,5.842,6.181,5.956,6.015,5.941,5.981,6.341,6.35,6.238,6.407,6.265,6.432,6.634,6.508,6.329,6.403,6.364,6.487,6.711,6.657,6.615,6.933,7.103,7.198,7.004,7.238,7.172,7.245,7.252,7.092,6.849,6.917,6.714,6.795,6.913,7.126,6.986,7.052,6.87,6.835,6.754,6.878
UT.gen,current,Current,A,0,900,800,399.6,398.2,397.7,397.3,395.3,394,401.3,395.6,400.4,399.2,395.5,396.9,398.7,398.7,402.3,401.1,398.8,401.9,405.3,402.3,403.9,403.7,400,401.1,404.1,404.4,401.1,400.7,404.2,401.9,401.7,406.7,410.3,407.6,407.6,409,409.6,408.9,407.3,409.9,413.7,415.4,417.4,411.3,411.9,410.1,407.4,403.3,401.9,402.3,402.7,406.3,411.4,416.3,417.8,413,412.8,409.7,408.7,406.3
UT.gen,winding_t,Winding temp,C,20,160,140,90.53,90.82,90.59,90.69,91.15,91.19,91.16,91,91.18,91.74,91.79,91.72,92.08,91.91,92.34,92.32,91.52,91.21,91.02,90.99,91.21,90.83,90.29,90.34,90.7,90.2,90.04,90.29,90.01,90.66,90.38,90.12,89.58,89.76,90.29,90.74,90.69,90.52,90.11,89.84,89.71,89.54,89.16,88.95,88.54,87.83,86.97,87.66,88.31,88.76,88.6,89.4,88.76,88.24,88.09,87.23,86.06,85.74,86.19,85.54
UT.gen,vib,Vibration,mm/s,0,12,7.1,1.712,1.824,1.622,1.668,1.546,1.55,1.317,1.162,0.9358,0.8262,0.8768,1.02,0.8473,0.8358,0.9442,1.014,0.7843,0.898,0.8599,0.8625,0.9676,0.9372,0.961,1.245,1.187,1.279,1.667,1.522,1.659,1.644,1.591,1.514,1.486,1.425,1.689,1.502,1.647,1.768,1.633,1.861,1.758,1.775,1.673,1.581,1.517,1.35,1.231,1.162,1.071,1.215,1.377,1.563,1.376,1.51,1.536,1.414,1.243,1.505,1.388,1.375
UT.gen,load,Load,%,0,100,95,69.15,69.16,69.38,69.67,69.52,69.34,68.19,68.13,68.54,67.1,67.57,66.73,66.56,66.98,67.48,66.7,67.29,68.28,68.37,68.86,68.32,67.79,67.91,67.84,68.03,68.1,66.81,65.7,65.41,65.43,66.15,65.66,66.36,66.24,65.71,65.92,66.3,68.09,67.08,67.04,68.14,70.08,69.49,68.97,69.47,69.07,70.54,69.84,70.38,70.22,69.79,71.29,71.2,70.29,70.95,70.95,70.75,72.52,71.74,71.64
UT.mcc,current,Current,A,0,900,800,406.5,403.2,405.7,403.6,400.9,402.9,400.9,402.5,404.4,404.7,400.7,398,397,390.8,394,390,387.7,387,386.4,388.7,386.9,388.5,390.6,391.6,394.3,396,394.1,396.1,394.9,397.9,397.9,390.9,388.6,386.9,388.4,386.4,388.6,390.1,388,390.8,393.2,391.8,389.3,387.8,394.9,399.9,405,405.7,400.1,401.3,404.7,399.7,403.9,407.3,408.6,411.9,411.1,410.1,416.4,412.1
UT.mcc,winding_t,Winding temp,C,20,160,140,90.53,90.42,89.98,89.47,89.32,88.92,88.07,88.93,89.51,89.46,87.99,88.02,87.81,88,87.55,88.31,87.74,87.83,88.15,88.1,87.76,87.48,86.76,86.43,85.71,85.03,84.9,84.78,85.2,84.91,85.55,85.93,86.41,86.26,85.8,86.14,85.93,85.6,84.92,84.86,84.75,85.43,85.52,86.33,85.88,85.74,85.14,84.29,83.93,83.97,83.97,84.33,84.3,83.22,83.5,82.89,83,82.2,82.67,82.39
UT.mcc,vib,Vibration,mm/s,0,12,7.1,2.416,2.551,2.521,2.44,2.626,2.673,2.456,2.362,2.58,2.564,2.455,2.253,2.192,2.324,2.352,2.119,1.963,2.092,1.903,1.81,1.831,1.477,1.404,1.62,1.608,1.372,1.364,1.153,1.189,1.325,1.178,1.271,1.305,1.539,1.62,1.772,1.914,1.707,1.769,1.872,1.813,1.731,1.761,1.905,1.682,1.672,1.72,1.838,2.054,2.14,2.174,2.181,2.327,2.367,2.335,2.278,2.241,2.336,2.545,2.682
UT.mcc,load,Load,%,0,100,95,67.42,67.19,65.34,65.84,65.4,65.1,65.95,65.65,66.87,67.79,68.03,67.42,68.6,68.54,68.2,68.27,67.43,67.45,67.67,67.69,68.12,67.57,67.32,67.57,67.55,68.77,68.21,67.57,66.64,65.78,65.44,65.52,66.17,66.59,66.82,67.36,67.49,67.88,68.19,67.15,68.55,68.97,68.78,69.94,70.75,70.71,70.97,70.94,71.11,70.98,70.26,71.04,70.96,72.18,73.15,72.65,71.96,72.22,72.37,72.98
UT.air,air_p,Instrument air,bar,0,10,6.5,7.667,7.684,7.685,7.684,7.705,7.73,7.716,7.722,7.722,7.716,7.711,7.727,7.745,7.757,7.739,7.744,7.729,7.729,7.713,7.708,7.71,7.712,7.748,7.713,7.742,7.753,7.753,7.789,7.8,7.776,7.79,7.792,7.793,7.797,7.834,7.828,7.831,7.81,7.819,7.808,7.812,7.777,7.761,7.761,7.767,7.797,7.802,7.799,7.794,7.784,7.801,7.823,7.826,7.816,7.833,7.828,7.844,7.857,7.825,7.83
UT.air,temp,Ambient temp,C,10,45,40,31.44,31.39,31.21,31.28,31.31,31.24,31.19,31.23,31.34,31.25,31.1,31.19,31.29,31.29,31.36,31.36,31.3,31.3,31.24,31.19,31.19,31.17,31.2,31.17,31.21,31.16,31.12,31.14,31.04,31.06,31.02,31.01,31.11,31.17,31.17,31.1,31.18,31.19,31.16,31.13,31.25,31.15,31.13,31.21,31.25,31.39,31.35,31.42,31.42,31.46,31.43,31.39,31.49,31.52,31.5,31.59,31.62,31.76,31.7,31.75
UT.air,alarms,Active alarms,,0,50,20,3.593,3.491,3.6,3.852,3.741,3.736,4.003,4.231,4.151,4.163,4.043,4.238,4.398,4.318,4.256,3.998,4.021,3.823,3.9,3.91,3.805,4.077,3.994,4.072,4.17,4.09,3.86,3.925,3.93,3.98,4.123,4.069,4.02,4.05,3.877,3.772,4.113,4.157,4.262,4.344,4.646,4.956,4.85,4.748,4.811,4.84,4.877,4.961,5.025,5.09,5.203,5.343,5.35,5.445,5.352,5.521,5.541,5.555,5.431,5.524
UT.air,comms,Link uptime,%,90,100,98,99.69,99.69,99.69,99.68,99.67,99.66,99.65,99.65,99.66,99.65,99.64,99.64,99.64,99.63,99.64,99.64,99.65,99.65,99.65,99.65,99.64,99.66,99.67,99.67,99.67,99.68,99.67,99.67,99.67,99.65,99.65,99.65,99.65,99.64,99.64,99.65,99.65,99.64,99.66,99.64,99.64,99.65,99.64,99.63,99.63,99.62,99.64,99.64,99.64,99.63,99.63,99.62,99.62,99.63,99.63,99.63,99.62,99.61,99.61,99.61
UT.chem,temp,Temperature,C,0,120,100,45.21,45.88,45.6,45.5,45.3,45.5,45.91,45.98,46.71,47.21,47.36,46.51,45.86,46.22,46.56,46.88,46.64,46.43,46.27,46.48,46.98,47.22,47.2,47.07,47.09,47.01,46.78,46.69,46.62,46.62,46.23,46.59,46.4,46.58,46.77,46.98,47.09,47.18,47.86,47.52,47.9,47.28,47.87,48.09,48.59,48.61,48.43,47.86,47.44,47.29,47.38,47.14,47.06,47.46,47.45,47.41,47.77,48.01,48.02,48.21
UT.chem,vib,Vibration,mm/s,0,12,7.1,2.203,2.228,2.329,2.358,2.195,2.092,2.39,2.543,2.592,2.61,2.557,2.309,2.604,2.564,2.645,2.752,2.7,2.522,2.781,2.811,2.923,2.957,2.761,2.857,2.976,3.089,2.949,2.94,2.801,2.817,2.76,2.904,2.881,2.847,2.879,2.685,2.68,2.629,2.527,2.648,2.906,2.795,3.093,3.052,3.114,2.863,3.19,3.324,3.322,3.21,3.434,3.277,3.301,3.346,3.286,3.129,3.093,3.22,3.313,3.248
UT.chem,load,Load,%,0,100,95,59.2,61.12,60.89,59.92,60.19,60.15,61.41,61.63,61.02,60.68,61.2,61.54,61.77,61.39,61.47,60.66,60.27,60.03,60.53,60.78,60.8,60.31,59.43,59.88,60,59.59,59.01,59.17,58.86,57.91,58.19,58.13,57.06,56.74,57.05,56.11,56.03,56.21,57.57,58.47,59.1,58.91,59.07,59.82,60.3,59.7,58.83,58.32,57.62,57.85,57.9,56.66,57.14,56.62,58,58.42,59.49,57.89,58.34,58.94
UT.site,air_p,Instrument air,bar,0,10,6.5,7.649,7.638,7.665,7.657,7.65,7.632,7.636,7.641,7.652,7.624,7.614,7.607,7.606,7.615,7.628,7.622,7.625,7.623,7.64,7.657,7.644,7.646,7.646,7.62,7.584,7.606,7.6,7.609,7.583,7.597,7.626,7.603,7.608,7.598,7.589,7.604,7.584,7.572,7.567,7.58,7.551,7.533,7.497,7.517,7.495,7.526,7.528,7.545,7.537,7.528,7.517,7.501,7.474,7.471,7.475,7.483,7.454,7.456,7.48,7.493
UT.site,temp,Ambient temp,C,10,45,40,31.63,31.61,31.65,31.63,31.57,31.61,31.67,31.76,31.78,31.72,31.76,31.59,31.67,31.68,31.73,31.73,31.8,31.86,31.89,32.03,32.07,32.18,32.16,32.17,32.27,32.2,32.29,32.41,32.4,32.41,32.33,32.32,32.34,32.33,32.3,32.23,32.27,32.41,32.36,32.48,32.4,32.52,32.77,32.74,32.69,32.71,32.61,32.56,32.66,32.69,32.75,32.59,32.65,32.6,32.69,32.71,32.64,32.67,32.72,32.73
UT.site,alarms,Active alarms,,0,50,20,2.39,2.547,2.548,2.483,2.418,2.291,2.415,2.253,2.302,2.169,2.27,2.189,2.108,2.184,1.921,1.817,1.731,1.72,1.602,1.837,1.8,1.547,1.575,1.803,1.911,1.907,1.933,2.018,2.193,2.268,2.302,2.57,2.388,2.376,2.498,2.615,2.605,2.747,2.957,2.893,2.904,2.975,2.893,2.708,2.843,2.95,2.929,2.838,3.04,3.265,3.26,3.344,3.301,3.279,3.356,3.381,3.642,3.789,3.71,3.663
UT.site,comms,Link uptime,%,90,100,98,99.74,99.75,99.75,99.75,99.75,99.74,99.73,99.73,99.74,99.74,99.75,99.74,99.75,99.74,99.74,99.74,99.76,99.75,99.76,99.75,99.75,99.74,99.74,99.75,99.74,99.74,99.73,99.73,99.72,99.71,99.71,99.7,99.7,99.69,99.69,99.69,99.7,99.7,99.71,99.72,99.73,99.73,99.72,99.73,99.74,99.74,99.74,99.75,99.75,99.76,99.76,99.76,99.77,99.76,99.77,99.77,99.76,99.77,99.76,99.77
UT.site.pad,air_p,Instrument air,bar,0,10,6.5,7.593,7.591,7.616,7.615,7.596,7.585,7.577,7.597,7.57,7.596,7.592,7.6,7.596,7.578,7.582,7.57,7.569,7.545,7.534,7.524,7.515,7.533,7.55,7.551,7.548,7.572,7.591,7.605,7.602,7.604,7.574,7.577,7.564,7.56,7.559,7.606,7.641,7.614,7.623,7.624,7.629,7.612,7.618,7.631,7.675,7.668,7.689,7.684,7.689,7.674,7.667,7.683,7.678,7.698,7.704,7.709,7.703,7.707,7.686,7.675
UT.site.pad,temp,Ambient temp,C,10,45,40,31.48,31.51,31.67,31.73,31.82,31.87,31.93,32.02,32.02,32.14,32.2,32.16,32.09,32.18,32.15,32.16,32.1,32.01,32.04,32.1,32.07,32.1,32.11,32.13,32.16,32.17,32.24,32.29,32.21,32.04,32.09,32.02,32.02,32.02,31.98,31.92,31.9,32.02,32.08,32.12,32.13,32.06,32.05,32.15,32.12,32.14,32.01,32.16,32.07,32.15,32.19,32.36,32.38,32.37,32.4,32.33,32.28,32.31,32.33,32.38
UT.site.pad,alarms,Active alarms,,0,50,20,3.107,2.951,2.917,3.016,2.991,3.093,2.9,2.969,2.945,3.007,3.231,3.54,3.729,3.815,3.665,3.75,3.73,3.619,3.469,3.594,3.428,3.34,3.342,3.539,3.43,3.382,3.387,3.388,3.474,3.574,3.6,3.549,3.434,3.661,3.544,3.468,3.455,3.427,3.538,3.784,4.103,4.194,4.193,4.091,3.901,3.735,4.049,3.805,3.703,3.47,3.524,3.613,3.607,3.625,3.447,3.218,3.347,3.339,3.655,3.612
UT.site.pad,comms,Link uptime,%,90,100,98,99.73,99.73,99.74,99.74,99.75,99.75,99.74,99.75,99.74,99.74,99.73,99.74,99.75,99.73,99.73,99.73,99.72,99.71,99.72,99.71,99.71,99.71,99.71,99.71,99.71,99.72,99.71,99.71,99.69,99.69,99.7,99.71,99.7,99.7,99.7,99.69,99.7,99.7,99.69,99.69,99.69,99.7,99.7,99.69,99.69,99.69,99.7,99.7,99.7,99.7,99.68,99.69,99.67,99.67,99.69,99.7,99.69,99.68,99.67,99.67
UT.site.fence,air_p,Instrument air,bar,0,10,6.5,7.653,7.688,7.683,7.667,7.663,7.679,7.675,7.653,7.67,7.67,7.669,7.649,7.652,7.654,7.657,7.686,7.684,7.666,7.655,7.665,7.67,7.666,7.678,7.667,7.63,7.622,7.591,7.558,7.556,7.55,7.56,7.573,7.583,7.612,7.62,7.609,7.586,7.56,7.567,7.576,7.569,7.562,7.584,7.592,7.591,7.591,7.597,7.578,7.616,7.631,7.619,7.605,7.598,7.586,7.563,7.561,7.568,7.567,7.553,7.539
UT.site.fence,temp,Ambient temp,C,10,45,40,31.22,31.23,31.21,31.22,31.2,31.23,31.14,31.02,30.95,30.91,30.99,30.97,30.91,31.13,31.14,31.05,31.1,31.08,31.2,31.32,31.35,31.23,31.31,31.36,31.39,31.41,31.46,31.37,31.35,31.38,31.44,31.44,31.42,31.37,31.42,31.51,31.52,31.55,31.54,31.61,31.64,31.7,31.68,31.74,31.61,31.68,31.73,31.79,31.82,31.77,31.67,31.6,31.64,31.6,31.72,31.79,31.87,31.94,31.95,31.97
UT.site.fence,alarms,Active alarms,,0,50,20,3.576,3.454,3.537,3.721,3.975,4.025,4.118,4.058,3.963,4.092,3.965,4.048,3.961,3.829,3.856,3.898,4.059,4.081,4.04,4.183,4.032,3.854,3.754,3.668,3.688,3.555,3.607,3.764,3.901,3.802,3.976,4.042,4.122,4.198,4.235,4.223,4.449,4.54,4.354,4.19,4.243,4.441,4.33,4.233,4.381,4.45,4.147,4.391,4.278,4.302,4.147,4.246,4.478,4.412,4.549,4.4,4.605,4.45,4.309,4.564
UT.site.fence,comms,Link uptime,%,90,100,98,99.69,99.69,99.69,99.69,99.69,99.7,99.7,99.7,99.72,99.73,99.72,99.72,99.7,99.71,99.7,99.72,99.73,99.71,99.7,99.7,99.71,99.7,99.71,99.72,99.71,99.71,99.7,99.7,99.7,99.7,99.69,99.67,99.66,99.64,99.65,99.66,99.66,99.65,99.64,99.63,99.64,99.62,99.61,99.61,99.61,99.61,99.62,99.62,99.62,99.61,99.61,99.61,99.61,99.61,99.61,99.62,99.61,99.61,99.61,99.61
UT.site.lights,hook_load,Hook load,t,0,500,450,193.2,193,191.8,192.4,192.8,193.1,192.7,190.8,191.4,188.9,190,191.4,189.4,188.5,187,188.5,187.2,189.4,189.4,190.4,191,191.8,193,194.1,193.7,192.9,191.5,189.5,190.6,190.7,188.6,186.7,186.5,186.7,188.7,189.8,188.7,190.4,189.3,190.2,192.6,193.2,195.4,195.7,197,196.1,195.8,196.7,194.8,194.2,195.7,194.5,198.3,197,194.6,195.6,195.7,194.9,193,195
UT.site.lights,speed,Drum speed,rpm,0,120,100,59.25,58.88,59.87,58.42,59.47,59.34,59.85,61,61.02,61.92,62.21,61.19,60.83,60.62,60.35,60.76,60.24,60.11,59.87,60.33,59.61,61.13,60.27,60.66,61.03,61.04,62.4,61.83,61.1,62,62.34,61.57,60.92,60.01,59.52,58.24,57.57,56.94,56.97,57.62,58.35,59.09,58.32,57.82,57.27,56.84,57.16,58.33,59.16,58.82,58.8,57.25,56.74,55.99,54.8,54.29,54.89,55.08,55.39,53.97
UT.site.lights,brake_t,Brake disc temp,C,20,220,180,146,147.1,146.7,146.4,147,149.2,151.2,152.3,152.9,153.1,155,151.8,152.6,152.4,153.2,153.3,153.8,152,152.4,151.8,151.6,151,148.8,146.5,146.7,144.9,145.9,144,141.9,144,143.5,142.3,142.5,142.3,141.8,143,143.1,145.2,144.7,146.2,146.2,145.4,146,145.8,144,143.7,143.4,143.6,144.9,144.7,144.7,146.3,145.9,146.7,146.9,147.6,147.4,145.6,146.1,146.8
UT.site.lights,ton_mi,Line ton-miles,t-mi,0,1500,1400,1239,1239,1239,1238,1238,1238,1239,1238,1238,1239,1239,1239,1239,1239,1239,1239,1239,1240,1239,1240,1239,1239,1239,1240,1239,1240,1240,1240,1240,1240,1240,1240,1239,1239,1239,1240,1240,1239,1239,1239,1239,1239,1239,1239,1239,1239,1239,1239,1239,1239,1239,1239,1240,1240,1240,1240,1239,1239,1239,1239
